ward.name,borough,inner,area,population,children,adults,elderly,age,education,crime,employed,benefits,migration,income,houseprice,cars,turnout
City of London,City of London,TRUE,3.2,8150,650,6250,1250,41.3,68.4,656.4,4555,5.1,138.9,63620,765000,0.4,48.5
Barking and Dagenham - Abbey,Barking and Dagenham,FALSE,1.3,14750,3850,10150,750,29.5,34.5,138.1,5444,15.1,108.7,33920,173000,0.5,25.7
Barking and Dagenham - Alibon,Barking and Dagenham,FALSE,1.4,10550,2700,6800,1050,33.8,16.7,73.6,4143,20.7,31.1,32470,215000,0.8,20.3
Barking and Dagenham - Becontree,Barking and Dagenham,FALSE,1.3,12650,3200,8350,1100,33,20.6,79.9,4598,17.8,38.6,33000,210000,0.9,22.5
Barking and Dagenham - Chadwell Heath,Barking and Dagenham,FALSE,3.4,10400,2550,6400,1450,36.2,19.5,76.1,3819,19.4,26.3,33920,240500,0.9,25.3
Barking and Dagenham - Eastbrook,Barking and Dagenham,FALSE,3.5,10750,2150,7050,1550,37.7,18.5,66.7,4592,14.7,18.4,37400,240000,1.1,24.1
Barking and Dagenham - Eastbury,Barking and Dagenham,FALSE,1.4,11900,3000,7750,1150,33.4,20,82.2,4546,18.1,48.9,32870,220000,0.8,21.5
Barking and Dagenham - Gascoigne,Barking and Dagenham,FALSE,1.1,15850,5100,9900,850,29,25.2,75.8,4382,19.5,69.6,29480,2.00E+05,0.5,25.6
Barking and Dagenham - Goresbrook,Barking and Dagenham,FALSE,1.3,11500,3000,7250,1250,34.1,18.8,74.8,4544,18.9,27.4,33250,205000,0.8,20.5
Barking and Dagenham - Heath,Barking and Dagenham,FALSE,2,11150,2900,6950,1300,34.4,17.6,83.7,4043,21.3,30,31340,215000,0.7,22.2
Barking and Dagenham - Longbridge,Barking and Dagenham,FALSE,1.6,11900,2600,7850,1450,35.2,25,57,4894,11.1,39.8,40570,312750,1.1,30.6
Barking and Dagenham - Mayesbrook,Barking and Dagenham,FALSE,1.9,10550,2850,6550,1150,33.9,16.2,67.9,3978,19.4,33.6,31530,212000,0.8,20.5
Barking and Dagenham - Parsloes,Barking and Dagenham,FALSE,1.2,10050,2550,6400,1100,34.3,16,56.8,3785,19.5,31.9,31860,213000,0.8,19.3
Barking and Dagenham - River,Barking and Dagenham,FALSE,3.6,11950,3150,7600,1200,33.4,19.5,85,4420,16.7,31.7,33490,205500,0.8,22.4
Barking and Dagenham - Thames,Barking and Dagenham,FALSE,7.9,18950,6150,11850,950,28.7,24.4,95.6,4081,18.7,38.2,32580,219000,0.7,22.1
Barking and Dagenham - Valence,Barking and Dagenham,FALSE,1.3,10200,2600,6450,1150,34.8,17.8,68.3,3873,21.5,31.3,33200,215000,0.8,20.3
Barking and Dagenham - Village,Barking and Dagenham,FALSE,2.1,11050,2750,7100,1200,34.5,17.9,90.8,4242,19.1,27.1,31960,202500,0.8,23.7
Barking and Dagenham - Whalebone,Barking and Dagenham,FALSE,1.6,11150,2650,7200,1300,35.3,22.4,72.4,4617,12.7,32.8,37180,235000,1,25.9
Barnet - Brunswick Park,Barnet,FALSE,3.2,17550,3400,11350,2800,38.9,34.4,49.4,7603,8.7,15,39800,435000,1.3,35.5
Barnet - Burnt Oak,Barnet,FALSE,2.1,19600,4750,13050,1800,33.7,24.7,68.5,7674,14.9,52.2,29400,250000,0.8,28.6
Barnet - Childs Hill,Barnet,FALSE,3.1,21050,4100,14300,2650,36.1,43.7,90.5,9309,12,83.7,38960,507500,0.8,35.9
Barnet - Colindale,Barnet,FALSE,2.6,26650,6100,18550,2000,32.1,30.8,58.9,7344,14,55.3,30170,302500,0.8,29.9
Barnet - Coppetts,Barnet,FALSE,2.7,18000,3500,12500,2000,36.3,40.6,75.6,8630,10.8,28.6,38090,335000,1,35.1
Barnet - East Barnet,Barnet,FALSE,3.8,17150,3550,11050,2550,38.3,36.5,44,7566,9.4,11.9,39870,368000,1.2,35.3
Barnet - East Finchley,Barnet,FALSE,2.5,16850,3250,11300,2300,37.2,49.6,47.5,8153,10.3,29.7,41160,437500,0.8,41.2
Barnet - Edgware,Barnet,FALSE,5.6,17650,4050,10850,2750,37.1,36,71.4,7259,9.3,35.1,38410,455000,1.2,38.1
Barnet - Finchley Church End,Barnet,FALSE,2.7,16800,3200,10800,2800,39.1,48.6,52,7386,7.3,49.5,45030,528000,1.2,41.4
Barnet - Garden Suburb,Barnet,FALSE,4.7,16950,3450,10500,3000,39.1,57.3,65.1,7373,4.9,35.6,53090,825000,1.2,48
Barnet - Golders Green,Barnet,FALSE,3,24950,6400,16050,2500,33,37.4,61.3,7635,12.7,66.1,40800,555250,1,37.3
Barnet - Hale,Barnet,FALSE,5.4,18250,4100,11500,2650,37.1,36.5,46.8,7828,9.2,35.1,38590,397250,1.2,36.8
Barnet - Hendon,Barnet,FALSE,2.8,19250,4150,12800,2300,34.9,41.3,72.6,8381,9.1,77.8,38530,350000,1,34.2
Barnet - High Barnet,Barnet,FALSE,8.3,16300,2950,10500,2850,40.7,44.3,56.3,7421,7.9,13.1,43940,419422.5,1.2,44.1
Barnet - Mill Hill,Barnet,FALSE,9.4,19950,4350,12800,2800,37.1,41.6,62.8,8329,8.3,24.9,41920,520000,1.3,37
Barnet - Oakleigh,Barnet,FALSE,3.3,16600,3200,10550,2850,39.8,40.7,49.7,7486,8.1,15.2,41670,366000,1.3,38.3
Barnet - Totteridge,Barnet,FALSE,8.8,16900,3400,10600,2900,39.6,47,39.7,6849,6.3,24.1,46150,627750,1.3,40.8
Barnet - Underhill,Barnet,FALSE,4.6,17300,3400,11000,2900,39.2,31.8,57.9,6874,11.7,10.1,37040,389950,1.1,35.5
Barnet - West Finchley,Barnet,FALSE,2.2,17500,3250,11950,2300,37.5,49.5,55.2,8583,7.9,40.4,42050,385000,0.9,39.3
Barnet - West Hendon,Barnet,FALSE,3.4,19200,3950,13100,2150,35.2,34.4,99.9,8051,11.4,80.8,35090,346250,0.9,33.2
Barnet - Woodhouse,Barnet,FALSE,2.6,18700,3500,12650,2550,37.9,41.3,69.3,8568,10.6,28.5,38220,370000,1,36.7
Bexley - Barnehurst,Bexley,FALSE,2.9,10650,2000,6600,2050,40.8,20.1,46.5,4958,9.2,5.9,38200,250000,1.3,35.1
Bexley - Belvedere,Bexley,FALSE,3.2,12450,2900,7950,1600,36.1,21.9,62,5439,15.6,18.5,33510,179500,1,31.9
Bexley - Blackfen and Lamorbey,Bexley,FALSE,1.7,10700,1950,6700,2050,40.5,19.3,28.8,5157,7,2.9,40780,280000,1.3,35.9
Bexley - Blendon and Penhill,Bexley,FALSE,2.1,11050,2000,6900,2150,40.5,19.6,37.7,5336,6.7,3,40340,275000,1.4,38.7
Bexley - Brampton,Bexley,FALSE,2,10550,1750,6350,2450,43.2,20.7,26.3,4995,7.6,4.6,40790,315000,1.3,41.2
Bexley - Christchurch,Bexley,FALSE,2.5,11350,2050,7200,2100,40.6,24.9,97.5,5368,9,7.2,40190,275000,1.2,34.9
Bexley - Colyers,Bexley,FALSE,1.6,11400,2550,7150,1700,37.3,18.1,39.5,4951,13.7,9.2,34450,247000,1.1,28
Bexley - Crayford,Bexley,FALSE,4,11950,2500,7700,1750,37.7,18.6,62.2,5236,14.7,6,34900,231500,1.1,30.5
Bexley - Cray Meadows,Bexley,FALSE,7.2,11300,2350,6950,2000,39.4,22.2,54.3,4952,14.7,3.6,35530,285000,1.2,31.6
Bexley - Danson Park,Bexley,FALSE,2.7,10950,2000,7000,1950,40.2,21.6,54,5217,9.1,4.9,38580,265750,1.2,34.2
Bexley - East Wickham,Bexley,FALSE,2.2,10950,2000,6850,2100,40.5,18.8,40.5,5028,10.5,14.6,36260,259497.5,1.2,32.2
Bexley - Erith,Bexley,FALSE,4.8,12800,3200,8100,1500,34.9,22.6,82.3,5266,15.8,24.5,33160,181000,1,27
Bexley - Falconwood and Welling,Bexley,FALSE,1.7,10900,2000,7100,1800,39.6,19.6,47.7,5362,6.6,9.7,39000,280000,1.3,35.8
Bexley - Lesnes Abbey,Bexley,FALSE,2.4,11450,2300,7250,1900,38.8,22.5,59.8,5023,12.2,19.4,35630,257500,1.1,32.9
Bexley - Longlands,Bexley,FALSE,2.6,10600,1750,6600,2250,42.2,27.1,34.2,4882,7.9,5.5,40880,250000,1.2,38
Bexley - North End,Bexley,FALSE,5.7,11850,3150,7450,1250,33.6,19.5,81.2,4584,21.4,15,29930,204497.5,0.9,25.6
Bexley - Northumberland Heath,Bexley,FALSE,1.8,10700,2100,6800,1800,39.2,17.8,42.1,5016,11.2,5,37130,250000,1.3,34.6
Bexley - St. Mary's,Bexley,FALSE,4.4,10500,1850,6300,2350,42.4,27,33.2,4934,6.4,3.9,44010,315000,1.4,42
Bexley - St. Michael's,Bexley,FALSE,1.4,11250,2300,7200,1750,38.2,19.1,30,5423,8.7,6.4,38510,280000,1.4,34.5
Bexley - Sidcup,Bexley,FALSE,2.7,11000,1750,7050,2200,41.8,27.2,50.5,5150,6.4,7.5,41220,280000,1.2,40.9
Bexley - Thamesmead East,Bexley,FALSE,4.8,12550,3500,8100,950,32,28.2,54.9,4997,15.7,43,32100,190000,0.8,27.7
Brent - Alperton,Brent,FALSE,2.1,15350,3050,10750,1550,35.3,26.2,69.1,6753,10.1,89.1,31250,249950,0.9,37
Brent - Barnhill,Brent,FALSE,3,16250,3400,10850,2000,35.8,34.7,64.7,6768,16.9,73.2,34630,333000,1,36
Brent - Brondesbury Park,Brent,FALSE,1.7,13300,2350,9250,1700,37,45,70.8,6646,12.6,88.6,40020,465000,0.7,33.1
Brent - Dollis Hill,Brent,FALSE,2.3,13650,3300,8700,1650,34.8,25.1,67.3,5254,17.6,58.6,30990,306000,0.9,31.9
Brent - Dudden Hill,Brent,FALSE,1.7,15800,3350,10750,1700,34.7,31.7,88.2,6936,17.7,96.9,33470,495000,0.8,35.4
Brent - Fryent,Brent,FALSE,2.7,14150,2900,9450,1800,36,29,58.4,6015,9.9,69.1,35590,263750,1.1,32.2
Brent - Harlesden,Brent,FALSE,1.1,17450,4750,11150,1550,33,21.4,100.3,6738,28.8,92.2,27030,305500,0.5,30.4
Brent - Kensal Green,Brent,FALSE,1.1,15100,3200,10350,1550,35.4,33.8,86.6,7330,20.6,116.1,34640,5.00E+05,0.6,31.8
Brent - Kenton,Brent,FALSE,2.3,12550,2050,8150,2350,40.2,39.8,51.3,5637,7.8,37,42190,440000,1.4,34.9
Brent - Kilburn,Brent,FALSE,0.9,17550,3400,12500,1650,34.6,39.9,79.3,8518,20.1,74.9,34270,444631.5,0.4,32.8
Brent - Mapesbury,Brent,FALSE,1.4,16000,2750,11750,1500,35,43.7,71.8,8290,16.1,122.6,36830,450000,0.6,33.6
Brent - Northwick Park,Brent,FALSE,2.7,13300,2150,9350,1800,37.3,40.3,64.7,6055,8.8,43.3,41100,470000,1.3,29.7
Brent - Preston,Brent,FALSE,2.4,15750,3300,10400,2050,35.9,35.4,57.9,6964,12.2,76,35960,350000,1,31.3
Brent - Queens Park,Brent,FALSE,1.5,15500,3200,10750,1550,35.6,48.2,72.9,8501,13.5,66.1,42880,677500,0.7,35.5
Brent - Queensbury,Brent,FALSE,2,16850,3350,11400,2100,36.2,30.8,65,6945,10.5,52.8,35110,366000,1.2,32.6
Brent - Stonebridge,Brent,FALSE,4.1,17650,4700,11350,1600,32.2,20.5,116,5789,28.8,33.8,25800,249950,0.6,31.3
Brent - Sudbury,Brent,FALSE,2.1,15300,3250,10350,1700,35.1,32.3,51.5,6931,12,83.6,33530,249950,0.9,32.4
Brent - Tokyngton,Brent,FALSE,2.8,18950,3800,13300,1850,34.9,31.9,82.8,7164,12.6,110.7,33130,322500,0.9,30.2
Brent - Welsh Harp,Brent,FALSE,2.3,14000,3000,9300,1700,35.8,24.7,62.9,5999,15.6,65.2,31620,292475,0.9,32
Brent - Wembley Central,Brent,FALSE,1.6,16150,3100,11350,1700,35.6,29,118.3,6963,12.4,119.4,31040,250000,0.8,30.4
Brent - Willesden Green,Brent,FALSE,1.5,15950,3050,11600,1300,33.7,33.3,94.9,7834,22,117,31390,409500,0.5,30.7
Bromley - Bickley,Bromley,FALSE,4.9,15450,3000,9300,3150,41.8,40.7,36.5,7004,5.9,6.9,47190,480000,1.4,33.2
Bromley - Biggin Hill,Bromley,FALSE,8.3,10250,1850,6400,2000,40.9,23,44.8,5104,6.9,0.7,40930,269950,1.7,32.8
Bromley - Bromley Common and Keston,Bromley,FALSE,8.3,16250,3350,10100,2800,39.6,28.3,53,6930,10.2,4.6,40510,350000,1.3,31.2
Bromley - Bromley Town,Bromley,FALSE,3.7,18600,3900,12200,2500,37.5,41,139,8832,7.8,16.2,43460,327000,1,32.7
Bromley - Chelsfield and Pratts Bottom,Bromley,FALSE,12.6,14800,2800,9000,3000,41.6,33.2,40.3,6957,6,3,44850,4.00E+05,1.5,38.9
Bromley - Chislehurst,Bromley,FALSE,10.4,15400,2900,9200,3300,42.6,38,55.2,6732,5.9,4.7,46250,395000,1.4,32.3
Bromley - Clock House,Bromley,FALSE,2.3,16050,3450,10600,2000,37.2,38.3,46,8308,8.1,10.8,41650,308750,1,34.7
Bromley - Copers Cope,Bromley,FALSE,3.3,15900,2500,10750,2650,40.6,45,70.5,8569,6.8,12,43170,315000,1,32.3
Bromley - Cray Valley East,Bromley,FALSE,13.3,15850,3600,9550,2700,38.2,19.6,102.2,6623,16.7,9.8,32230,242000,1,23
Bromley - Cray Valley West,Bromley,FALSE,3.9,17150,4050,10500,2600,37.3,18.7,71.5,6947,18.4,4.4,31740,250000,1.1,23.1
Bromley - Crystal Palace,Bromley,FALSE,2.3,12950,2700,9200,1050,34.6,38.1,90,6215,16.2,31.5,34060,250000,0.6,28.8
Bromley - Darwin,Bromley,FALSE,29,5350,1000,3050,1300,43.2,26.9,43.9,2293,6.3,3,42810,445000,1.7,33.6
Bromley - Farnborough and Crofton,Bromley,FALSE,7,14850,2550,8700,3600,43.8,31,43,6412,6.3,3.2,44590,395000,1.3,36.9
Bromley - Hayes and Coney Hall,Bromley,FALSE,10.8,16250,3000,10100,3150,41.4,31.8,35,7529,5.6,4.2,45660,441250,1.4,37.5
Bromley - Kelsey and Eden Park,Bromley,FALSE,5.2,16200,3000,10200,3000,40.9,33.8,59.9,7470,7.5,7.8,44700,421599,1.3,34.7
Bromley - Mottingham and Chislehurst North,Bromley,FALSE,2.4,10350,2400,6450,1500,37,22.1,93,4313,17.6,9.6,32330,250000,1,26.7
Bromley - Orpington,Bromley,FALSE,4.3,15700,2900,9350,3450,41.9,27.1,89.6,6648,11,7.1,38090,340000,1.2,35.8
Bromley - Penge and Cator,Bromley,FALSE,3,17900,3900,12100,1900,35.8,36.5,89.9,8475,14,19.3,36090,320000,0.8,32.8
Bromley - Petts Wood and Knoll,Bromley,FALSE,4.3,13950,2550,8250,3150,42.8,36,43,6258,4.6,5.4,48530,485000,1.4,42
Bromley - Plaistow and Sundridge,Bromley,FALSE,4,15600,3250,9950,2400,38.8,34.1,48.6,7283,11.6,9.2,39460,295444,1,31.3
Bromley - Shortlands,Bromley,FALSE,2.5,10150,1800,6150,2200,42.5,43.3,33.8,4629,5.3,7.8,48020,468000,1.3,39.4
Bromley - West Wickham,Bromley,FALSE,4.4,15250,2600,9450,3200,42.3,32.5,33.9,6917,5.5,6.8,46210,475000,1.4,37.8
Camden - Belsize,Camden,TRUE,0.8,12800,2300,8850,1650,37.1,62.2,60.9,6670,7.8,55.9,52680,850000,0.6,36.2
Camden - Bloomsbury,Camden,TRUE,1,11650,750,9800,1100,34.1,46.5,314.1,4639,6,70.6,40340,560000,0.2,33.2
Camden - Camden Town with Primrose Hill,Camden,TRUE,1.2,13100,1900,9550,1650,37.3,53.9,297,6413,11.7,56.3,45840,813500,0.5,41.6
Camden - Cantelowes,Camden,TRUE,0.8,12500,1850,9450,1200,34.6,48.1,82.5,5731,12.9,57.7,39060,560000,0.4,37.3
Camden - Fortune Green,Camden,TRUE,1,12150,1850,9000,1300,36,57.8,54.2,6598,10.2,58.8,46800,575000,0.6,37.8
Camden - Frognal and Fitzjohns,Camden,TRUE,1.5,12250,2000,8500,1750,37.6,61.4,56.7,5692,4.3,70.3,60310,955000,0.8,34.4
Camden - Gospel Oak,Camden,TRUE,0.7,11500,2100,7950,1450,37,45.6,65.8,5031,14.5,33.1,39990,599999,0.5,40.3
Camden - Hampstead Town,Camden,TRUE,2.5,11400,1950,7550,1900,39.9,68.3,82.9,5750,4.4,32.1,62840,1190000,0.7,40.8
Camden - Haverstock,Camden,TRUE,0.7,12750,2400,8900,1450,35.1,43.1,87.6,5401,14.6,43.8,35730,547305,0.4,38.3
Camden - Highgate,Camden,TRUE,3.2,11150,1850,7500,1800,40,55.8,81,5163,11.6,16.2,47840,650000,0.7,46
Camden - Holborn and Covent Garden,Camden,TRUE,1.2,13700,1750,10550,1400,36.2,46.2,311,6266,12.2,52.3,40180,685000,0.3,37.2
Camden - Kentish Town,Camden,TRUE,1,13900,2150,10400,1350,35.5,54.6,89,7131,11.6,36.6,41230,630100,0.4,40.2
Camden - Kilburn,Camden,TRUE,0.7,12400,2200,8750,1450,36.1,43.8,110.7,5745,16.3,60.1,34730,468000,0.4,34.6
Camden - King's Cross,Camden,TRUE,0.6,12550,1600,10000,950,31.5,39.7,122.4,4277,9.1,75.3,32890,625000,0.2,32.8
Camden - Regent's Park,Camden,TRUE,1.3,14750,2200,11200,1350,34,36.1,131.3,5474,13.6,76.8,34260,6.00E+05,0.4,34.9
Camden - St. Pancras and Somers Town,Camden,TRUE,1.4,16200,2850,12000,1350,33.1,29.5,93.5,5173,18.5,65.2,30500,465000,0.3,35.8
Camden - Swiss Cottage,Camden,TRUE,1.3,13150,2200,9400,1550,36.8,60.4,70,6710,7,59.9,50340,740500,0.6,33.2
Camden - West Hampstead,Camden,TRUE,0.9,12550,1650,9750,1150,35.4,60.6,77.6,7259,9.6,55.1,46290,622500,0.5,36.7
Croydon - Addiscombe,Croydon,FALSE,1.6,17750,3550,12450,1750,35.5,38,61,8956,11.5,39.4,38070,250000,0.7,32.3
Croydon - Ashburton,Croydon,FALSE,2.7,15100,2950,9950,2200,38,27.3,58.1,6863,13.1,11.7,38600,347000,1.1,36.6
Croydon - Bensham Manor,Croydon,FALSE,1.4,16550,4000,10850,1700,34.8,29.4,64.4,7344,11.9,44.1,33530,246250,0.8,31.7
Croydon - Broad Green,Croydon,FALSE,2.7,20050,5300,13250,1500,32,26.9,151.3,8096,17.3,50.9,31000,231000,0.7,30.5
Croydon - Coulsdon East,Croydon,FALSE,7.7,12700,2350,7600,2750,42.3,30.3,34.9,5534,8.7,4.2,42660,375000,1.4,39.4
Croydon - Coulsdon West,Croydon,FALSE,5,14150,2600,9250,2300,39.8,34.9,46.7,6565,7.5,7.4,46610,361000,1.5,34.5
Croydon - Croham,Croydon,FALSE,3.5,16200,3250,10900,2050,37.1,42.1,57.3,8417,9.5,18.1,42260,250000,1,36.3
Croydon - Fairfield,Croydon,FALSE,3.8,21800,4200,15350,2250,35.2,45.9,215.9,8567,11.4,42.3,39130,236000,0.6,29.8
Croydon - Fieldway,Croydon,FALSE,1.5,11850,3500,7150,1200,32,12.5,61.8,3947,23.3,9.2,26720,220000,0.8,23.7
Croydon - Heathfield,Croydon,FALSE,8.7,13550,2450,8650,2450,40.1,29.3,70.7,6385,10.4,6.5,39770,260000,1.3,38.2
Croydon - Kenley,Croydon,FALSE,6.5,15600,3250,9900,2450,39,36.1,35.9,7217,8.9,6.7,44160,340000,1.3,35.3
Croydon - New Addington,Croydon,FALSE,2.4,11200,2750,7000,1450,35.4,12.8,70,4273,22.2,8.8,28770,245000,1,24.1
Croydon - Norbury,Croydon,FALSE,2.5,17100,3550,11250,2300,37,34.1,54.2,7506,11.3,51.3,36810,350000,1,33.8
Croydon - Purley,Croydon,FALSE,4.2,15550,3050,10050,2450,39,40.5,78.1,7086,9.7,12,44600,320000,1.2,35.8
Croydon - Sanderstead,Croydon,FALSE,6.3,13200,2250,8200,2750,42,35,29.6,5928,6.7,3.3,47030,392500,1.5,42.1
Croydon - Selhurst,Croydon,FALSE,2.3,18550,4850,12000,1700,33.1,28.4,95.9,7821,19.7,38.9,31220,212997.5,0.6,27.7
Croydon - Selsdon and Ballards,Croydon,FALSE,6.4,12250,1700,7800,2750,43.2,32,35.5,5821,6.3,7.5,45320,344000,1.5,41.3
Croydon - Shirley,Croydon,FALSE,2.8,14700,2900,9100,2700,39.9,27.1,44.1,6476,11.3,9.7,39500,320000,1.2,39.9
Croydon - South Norwood,Croydon,FALSE,2.4,16950,3750,11450,1750,35.6,35,80,7805,17.7,29.1,34430,240000,0.7,33.9
Croydon - Thornton Heath,Croydon,FALSE,1.7,16900,4300,11000,1600,34.2,28.3,82,7275,17.3,39.9,33720,250000,0.7,31.6
Croydon - Upper Norwood,Croydon,FALSE,2.6,16600,3450,11200,1950,36.3,35.2,70.8,7616,14,32.5,37430,289750,0.9,33.9
Croydon - Waddon,Croydon,FALSE,3.6,17600,4100,11650,1850,35.2,30.1,74.3,7964,16.5,30.7,34630,243250,0.8,28.5
Croydon - West Thornton,Croydon,FALSE,2,17950,4550,11650,1750,33.7,27.3,90.3,7397,14.1,45.6,32400,235000,0.8,30.7
Croydon - Woodside,Croydon,FALSE,2.2,17100,4200,11400,1500,33.9,29,65,7821,16.5,15.8,33890,250000,0.8,30.2
Ealing - Acton Central,Ealing,FALSE,1.8,15800,3150,11050,1600,35.1,40.4,77.9,7576,13.8,62.7,36500,570000,0.7,35.3
Ealing - Cleveland,Ealing,FALSE,2.2,14850,3200,9750,1900,36.7,46.2,47.8,6625,12.2,26.6,41730,5.00E+05,0.9,42
Ealing - Dormers Wells,Ealing,FALSE,2.3,14150,3150,9250,1750,35.3,24.4,54,5600,14,54.7,29350,265000,1,37.9
Ealing - Ealing Broadway,Ealing,FALSE,1.9,15550,2300,11400,1850,37.5,57.7,145.7,7745,9.2,49.8,45540,459970,0.8,39.9
Ealing - Ealing Common,Ealing,FALSE,2.1,14200,2250,10250,1700,37.4,52.6,68.9,7687,9.1,51,43600,536000,0.9,37.7
Ealing - East Acton,Ealing,FALSE,4.3,19850,3950,14200,1700,33.5,38.3,103.7,9269,14.6,93.1,32930,390500,0.7,31.1
Ealing - Elthorne,Ealing,FALSE,2,15100,3150,10350,1600,35.5,40.6,77.5,7500,13.3,40.6,38970,408750,0.8,35.8
Ealing - Greenford Broadway,Ealing,FALSE,2.5,17750,4400,11300,2050,34.3,25.8,81.2,7668,14.9,45.7,30500,249000,0.9,32.6
Ealing - Greenford Green,Ealing,FALSE,3.4,14500,3100,9600,1800,36,30.2,74.8,7003,9.9,57.2,35420,307000,1.1,33.3
Ealing - Hanger Hill,Ealing,FALSE,3.3,15750,3000,10550,2200,37.4,50.8,60.4,7640,7.3,52.8,44760,519000,1,36.1
Ealing - Hobbayne,Ealing,FALSE,2.2,14350,3250,9350,1750,36,33.3,44.2,6644,13.9,29.2,36220,386250,0.9,40.5
Ealing - Lady Margaret,Ealing,FALSE,1.5,14050,2750,9600,1700,36.3,25.4,46.2,6368,10.8,60,32520,285000,1.3,35.5
Ealing - Northfield,Ealing,FALSE,1.5,13700,2700,9400,1600,36.5,54.8,44.5,7455,5.7,35.9,48480,615000,0.9,45.1
Ealing - North Greenford,Ealing,FALSE,3.2,14850,3050,9900,1900,36.3,30.1,51.8,7263,8.5,60.5,36480,345000,1.2,33.9
Ealing - Northolt Mandeville,Ealing,FALSE,2.8,15350,3600,9900,1850,35,25.7,63.3,6724,15.3,39.5,31950,3.00E+05,0.9,33.6
Ealing - Northolt West End,Ealing,FALSE,3.5,15200,3950,9700,1550,33.7,21.7,67.5,6057,18.5,31.7,28550,226111,0.9,31.6
Ealing - Norwood Green,Ealing,FALSE,3.8,14200,2950,9650,1600,35.7,26.7,91.1,5521,18,51.2,29020,257500,1.1,35.6
Ealing - Perivale,Ealing,FALSE,3.4,15500,3200,10350,1950,36.2,30.8,73.3,7544,10.3,64.2,36040,367500,1.1,34.3
Ealing - South Acton,Ealing,FALSE,1.7,16200,3350,11100,1750,35.1,39.4,88.7,6938,13.1,65.2,34300,440000,0.7,35.5
Ealing - Southall Broadway,Ealing,FALSE,1.6,16200,3700,10900,1600,34.2,21.9,107.9,5425,13.9,132,27930,250000,0.9,41
Ealing - Southall Green,Ealing,FALSE,1.6,15200,3600,10250,1350,33.2,21.6,83.9,6042,13.5,123.4,27150,243000,0.9,35.9
Ealing - Southfield,Ealing,FALSE,1.4,13550,2500,9500,1550,36.9,57.8,64.5,7601,6.9,31.8,50170,780000,0.8,42.4
Ealing - Walpole,Ealing,FALSE,1.5,13550,2600,9400,1550,36.6,53.7,73.8,7364,8.3,40.6,46240,612500,0.8,43.8
Enfield - Bowes,Enfield,FALSE,1.5,14550,2650,10250,1650,36.2,36.3,50.8,7292,14,64.6,36300,319995,0.8,31.9
Enfield - Bush Hill Park,Enfield,FALSE,2.5,14150,2500,9050,2600,40.6,32.6,53.9,6585,9,12.3,41800,360200,1.3,36.7
Enfield - Chase,Enfield,FALSE,16.9,14050,3150,8950,1950,36.9,28.1,55.8,6180,14.4,10.4,36350,324000,1.1,35.8
Enfield - Cockfosters,Enfield,FALSE,10.4,14100,2250,9100,2750,40.7,35,46.4,5885,8.8,17.1,43570,472000,1.3,33.7
Enfield - Edmonton Green,Enfield,FALSE,3.1,18300,4950,11750,1600,32,19.5,117.7,6144,26.4,54.4,26010,210000,0.6,34.1
Enfield - Enfield Highway,Enfield,FALSE,4.6,16350,4050,10500,1800,33.7,18.6,82.4,6112,18.8,19.8,29450,250000,1,30
Enfield - Enfield Lock,Enfield,FALSE,3.3,17000,4500,11100,1400,32.3,23.5,69.2,6586,19.5,22.9,30240,217250,0.9,29.6
Enfield - Grange,Enfield,FALSE,3.3,13300,2300,8400,2600,41.3,39.1,59.4,6045,6.6,12.3,45960,360000,1.3,40.8
Enfield - Haselbury,Enfield,FALSE,1.8,16550,4050,10800,1700,33.9,21.4,61.1,6292,19.5,39.8,29600,260000,0.8,33.3
Enfield - Highlands,Enfield,FALSE,5.1,13500,2200,8700,2600,41.4,35.1,40.4,6120,10.1,11.6,43540,375000,1.2,38.4
Enfield - Jubilee,Enfield,FALSE,3.9,14600,3500,9350,1750,35.4,20.9,58.8,5744,17.2,29.8,30800,250000,1,31.1
Enfield - Lower Edmonton,Enfield,FALSE,2.2,16700,4700,10300,1700,32.7,20,56.2,6057,20.1,41.8,28110,248000,0.7,33
Enfield - Palmers Green,Enfield,FALSE,1.9,15700,2900,10550,2250,37.5,33.5,70.3,7225,12.9,34.7,37970,353500,1,33.9
Enfield - Ponders End,Enfield,FALSE,3.5,17050,4400,11100,1550,32.4,21,80.6,5902,19.6,26,28560,248000,0.8,29.7
Enfield - Southbury,Enfield,FALSE,2.9,14900,3700,9700,1500,33.9,25.4,98.8,6183,16.8,16.4,33260,265000,0.9,34
Enfield - Southgate,Enfield,FALSE,2.7,14800,2850,9900,2050,37.8,41.2,62.6,6886,9.4,26.1,41520,347500,1.1,34
Enfield - Southgate Green,Enfield,FALSE,2.6,14350,2550,9550,2250,38.9,40,43.2,6464,9.7,34.8,42750,5.00E+05,1.1,35.8
Enfield - Town,Enfield,FALSE,2.2,15150,3000,9750,2400,38.9,33,50.3,7349,8.8,8.4,42300,350000,1.2,39.5
Enfield - Turkey Street,Enfield,FALSE,2.3,14700,3600,9350,1750,34.6,17.9,74.5,5507,20.6,17.1,28960,250000,1,29.4
Enfield - Upper Edmonton,Enfield,FALSE,2.7,18600,4800,12050,1750,32.8,21.5,120.2,6599,21,40.8,28480,250000,0.8,32.7
Enfield - Winchmore Hill,Enfield,FALSE,2.8,13700,2550,9050,2100,39.3,42.9,43.7,6715,8.4,18.2,45880,435000,1.2,38.5
Greenwich - Abbey Wood,Greenwich,FALSE,2.7,16200,4300,10250,1650,33.8,24.2,77.6,6347,20.6,35.9,31540,250000,0.7,29
Greenwich - Blackheath Westcombe,Greenwich,FALSE,2.1,13250,2300,8950,2000,39.3,57.5,76.6,6675,10.3,21.1,49160,427500,0.8,43.8
Greenwich - Charlton,Greenwich,FALSE,2,14650,3300,9700,1650,35.2,37.2,60.7,6572,17.1,49.7,37940,363000,0.7,37
Greenwich - Coldharbour and New Eltham,Greenwich,FALSE,2.5,13450,2350,8650,2450,40.3,23.4,58.1,5957,13.1,10.8,38390,325000,1.1,33.8
Greenwich - Eltham North,Greenwich,FALSE,2.6,12900,2250,8250,2400,41.2,31.8,67.2,6087,10,9.1,43120,345000,1.1,43.4
Greenwich - Eltham South,Greenwich,FALSE,4.6,13050,2050,8950,2050,37.9,25.1,75.9,5537,12.6,20.9,37120,288750,1,32.3
Greenwich - Eltham West,Greenwich,FALSE,2.4,12500,2700,8350,1450,36.2,21.2,59.9,4374,17.7,13.3,34250,315500,0.9,27.8
Greenwich - Glyndon,Greenwich,FALSE,1.7,18500,4350,12750,1400,32.8,28.6,60.9,7961,19.7,62.6,31690,224995,0.6,28.1
Greenwich - Greenwich West,Greenwich,FALSE,2.8,18450,3450,13550,1450,33.1,49.9,104,8485,13.4,46.4,42270,450000,0.6,35.9
Greenwich - Kidbrooke with Hornfair,Greenwich,FALSE,2.4,14700,2900,9950,1850,36.7,30.8,70.3,6525,16.2,29.6,35740,260050,0.9,29.2
Greenwich - Middle Park and Sutcliffe,Greenwich,FALSE,3.3,13950,2900,8850,2200,37.9,29.6,64.4,5652,18.5,20.4,35340,292755,0.9,34.3
Greenwich - Peninsula,Greenwich,FALSE,4.5,24500,4650,18350,1500,32.9,49.5,107.6,7798,13.6,42.8,41840,379000,0.6,35.2
Greenwich - Plumstead,Greenwich,FALSE,2.4,17100,3950,11550,1600,34,25.2,78.7,7282,16.3,84.1,32390,249000,0.7,31.1
Greenwich - Shooters Hill,Greenwich,FALSE,3.8,13700,2750,9050,1900,38,31.3,46.3,6242,13,18,39030,270000,1,37.4
Greenwich - Thamesmead Moorings,Greenwich,FALSE,4.8,22200,6450,14600,1150,29.8,32.4,70.5,8273,16,48.1,34450,190000,0.7,25.7
Greenwich - Woolwich Common,Greenwich,FALSE,2.6,19550,5250,13100,1200,30.7,26.7,103,7113,20.8,67,30260,267500,0.6,27.1
Greenwich - Woolwich Riverside,Greenwich,FALSE,3.2,23050,5550,16050,1450,31.3,35.2,112.8,8681,20.3,54.8,33540,266250,0.5,28.8
Hackney - Brownswood,Hackney,TRUE,0.8,13300,1850,10700,750,33.4,51.7,87.3,6334,16.4,53.6,40070,440000,0.4,35.4
Hackney - Cazenove,Hackney,TRUE,0.7,13750,4050,8850,850,29.6,35.6,49.7,5744,14.3,39.6,38130,375000,0.4,33.9
Hackney - Chatham,Hackney,TRUE,0.9,13950,2950,10050,950,32.5,37.6,115.3,5930,22.1,47.1,32510,415000,0.4,31.8
Hackney - Clissold,Hackney,TRUE,0.7,12700,2450,9300,950,34,53.5,75.4,6683,13.8,26.7,45450,499950,0.5,38.4
Hackney - Dalston,Hackney,TRUE,0.9,15950,2650,12300,1000,33.4,48.6,158.6,8021,20.8,47.1,38230,485000,0.4,31.6
Hackney - De Beauvoir,Hackney,TRUE,0.9,15150,2400,11700,1050,33.6,49.8,147.9,7456,16.1,45.9,39060,480000,0.4,33
Hackney - Hackney Central,Hackney,TRUE,0.8,13150,2300,9850,1000,34,42,114.6,6240,19.6,38.5,35260,450000,0.3,38.2
Hackney - Hackney Downs,Hackney,TRUE,1,13400,2600,9800,1000,33.6,42.2,80,6214,19.8,38.6,35700,433000,0.4,35.6
Hackney - Haggerston,Hackney,TRUE,1.2,15250,2200,12150,900,32.7,45.8,162.3,7346,16.6,87.4,36080,452500,0.3,28.1
Hackney - Hoxton,Hackney,TRUE,0.8,16300,2450,12850,1000,32.5,41.7,127.2,7412,18.3,65.6,34970,475000,0.3,27.1
Hackney - King's Park,Hackney,TRUE,1.8,11650,2800,7750,1100,33.1,30.6,68,4166,20.4,41.9,31970,383000,0.5,36
Hackney - Leabridge,Hackney,TRUE,1.1,14600,2950,10600,1050,33.1,41.5,79.9,6620,20,45.1,35110,375000,0.5,34.5
Hackney - Lordship,Hackney,TRUE,1.2,12700,3650,8000,1050,31.3,40.4,66.5,5089,14.7,29.1,39940,420000,0.5,38
Hackney - New River,Hackney,TRUE,1,14500,4250,9150,1100,30.3,26.6,63.1,4631,16.3,68.6,35590,340000,0.4,31.5
Hackney - Queensbridge,Hackney,TRUE,1.1,14450,2400,10850,1200,34.2,44.6,116.8,6868,19.5,41.6,36720,465000,0.4,35
Hackney - Springfield,Hackney,TRUE,1,12800,4200,7650,950,29.6,21.9,73.7,3994,19.5,44,33570,285000,0.4,30.9
Hackney - Stoke Newington Central,Hackney,TRUE,0.7,13050,2100,9950,1000,34.6,52.4,93.3,7032,15.2,38.9,42400,483125,0.4,40.1
Hackney - Victoria,Hackney,TRUE,0.8,13750,2750,9950,1050,33.4,41.8,93,6251,20.2,36.6,37350,471250,0.4,32.6
Hackney - Wick,Hackney,TRUE,1.6,12350,2600,8800,950,32.8,34.4,99.8,4949,23.6,35.6,32890,340000,0.5,29.8
Hammersmith and Fulham - Addison,Hammersmith and Fulham,TRUE,0.6,11600,1850,8850,900,34.8,57.4,107.4,6873,12.6,68.3,43970,572500,0.5,39.5
Hammersmith and Fulham - Askew,Hammersmith and Fulham,TRUE,0.8,14300,2550,10550,1200,34.1,45.1,75.4,7621,15.4,48.2,38450,499999.5,0.5,39.5
Hammersmith and Fulham - Avonmore and Brook Green,Hammersmith and Fulham,TRUE,0.9,12700,1550,9750,1400,36.3,54.5,70.5,6573,9.7,66.1,43350,618250,0.5,37.5
Hammersmith and Fulham - College Park and Old Oak,Hammersmith and Fulham,TRUE,3.4,10750,2100,7750,900,34,31.9,115.7,4075,20.6,63,30890,458000,0.4,34.8
Hammersmith and Fulham - Fulham Broadway,Hammersmith and Fulham,TRUE,0.7,11550,1650,8750,1150,35.3,47.7,95.2,6064,12.5,56.7,42130,805000,0.5,36.7
Hammersmith and Fulham - Fulham Reach,Hammersmith and Fulham,TRUE,0.9,11800,1550,9250,1000,34.4,51.6,98.6,6331,9,85.3,42010,786250,0.5,38.5
Hammersmith and Fulham - Hammersmith Broadway,Hammersmith and Fulham,TRUE,1.1,12250,2000,9000,1250,35.5,45.3,224.9,6161,13.5,68.5,39500,741250,0.5,38.4
Hammersmith and Fulham - Munster,Hammersmith and Fulham,TRUE,0.6,11150,1900,8250,1000,34.2,56.9,64.5,6462,7.6,60.4,50240,745000,0.7,37.2
Hammersmith and Fulham - North End,Hammersmith and Fulham,TRUE,0.6,12600,1600,10150,850,33.9,52.6,64.6,6805,10.7,79.8,39510,558000,0.4,38.9
Hammersmith and Fulham - Palace Riverside,Hammersmith and Fulham,TRUE,1.5,7600,1400,5050,1150,38.6,56.2,90.8,3720,5.7,48.1,53330,950000,0.9,48
Hammersmith and Fulham - Parsons Green and Walham,Hammersmith and Fulham,TRUE,0.9,10850,2100,7550,1200,35.8,56.4,124.8,5716,8.2,46.4,55720,1330000,0.8,40.3
Hammersmith and Fulham - Ravenscourt Park,Hammersmith and Fulham,TRUE,1.2,11000,1950,7700,1350,37.1,55.1,101.1,5531,10.2,26.8,45510,704000,0.6,46.5
Hammersmith and Fulham - Sands End,Hammersmith and Fulham,TRUE,1.4,13550,2550,9850,1150,33.9,47.6,69.6,6518,12.6,44.7,44170,827750,0.6,34.8
Hammersmith and Fulham - Shepherd's Bush Green,Hammersmith and Fulham,TRUE,1.1,13000,2100,9850,1050,34.5,46.5,281.4,6797,16.3,85.1,36430,440000,0.4,36.6
Hammersmith and Fulham - Town,Hammersmith and Fulham,TRUE,0.7,11400,2050,8450,900,33.6,57.9,100.7,6512,9.5,57.5,47940,690000,0.6,37.6
Hammersmith and Fulham - Wormholt and White City,Hammersmith and Fulham,TRUE,0.9,13750,2950,9500,1300,33.5,32,71.9,5694,19.6,60.1,31860,427500,0.5,38.9
Haringey - Alexandra,Haringey,TRUE,2.6,12050,2450,8250,1350,36.7,58.5,63.6,6189,6.8,22,51450,625000,1,46.5
Haringey - Bounds Green,Haringey,TRUE,1.4,14400,2550,10500,1350,34.9,37.3,82,6822,16.5,60.8,34550,332350,0.6,33.4
Haringey - Bruce Grove,Haringey,TRUE,0.9,15000,3250,10500,1250,33.5,27.6,85.2,6192,21.5,105.1,30340,325000,0.5,32.6
Haringey - Crouch End,Haringey,TRUE,1.4,12750,2050,9400,1300,37,67,67.3,7537,6.1,22.3,52070,563750,0.7,42.1
Haringey - Fortis Green,Haringey,TRUE,2,13000,2500,9000,1500,36.6,58.4,57.9,6423,7.8,25.5,49950,465000,0.9,41.8
Haringey - Harringay,Haringey,TRUE,1.6,14100,2150,10900,1050,34.2,46.6,89.5,7404,16,133,37150,430000,0.5,34.5
Haringey - Highgate,Haringey,TRUE,2.5,12150,1800,8900,1450,37.7,65.7,56.6,6704,7.7,26.3,53710,732500,0.8,41.8
Haringey - Hornsey,Haringey,TRUE,1.1,13100,2300,9600,1200,35.4,51.5,67.2,6753,15.3,23.9,40260,419000,0.6,38.2
Haringey - Muswell Hill,Haringey,TRUE,1.7,11100,1900,7700,1500,38.4,62.8,71.7,5922,6.3,16.7,53910,820000,0.9,46.9
Haringey - Noel Park,Haringey,TRUE,1.2,14650,2600,10850,1200,33.7,33.8,200.7,6382,21.2,100.5,30620,350000,0.5,29.5
Haringey - Northumberland Park,Haringey,TRUE,1.9,15200,3800,10200,1200,32.1,20.2,130.5,4914,29.5,64.3,25090,252500,0.5,31.2
Haringey - St. Ann's,Haringey,TRUE,1.1,16150,2850,12000,1300,33.8,35.2,71,7038,16.7,133.2,32460,370000,0.5,31.7
Haringey - Seven Sisters,Haringey,TRUE,1.3,16600,4200,11150,1250,31.4,29,80,6671,17.9,107.8,33500,372500,0.5,35.5
Haringey - Stroud Green,Haringey,TRUE,1.1,12250,1900,9400,950,35.5,60.5,54,6982,12.4,25.7,44780,477500,0.6,42.8
Haringey - Tottenham Green,Haringey,TRUE,1.4,15950,3300,11350,1300,33.7,29.2,134.5,6379,21.9,103.4,28920,326500,0.4,30.9
Haringey - Tottenham Hale,Haringey,TRUE,1.9,17300,3850,12150,1300,32.2,23.1,103.7,5816,22.9,69.3,27340,251500,0.5,31
Haringey - West Green,Haringey,TRUE,1.4,14050,2550,10100,1400,34.7,30.6,80.4,5989,19.8,90.5,31110,350000,0.5,34.7
Haringey - White Hart Lane,Haringey,TRUE,1.7,14000,3350,9500,1150,32.8,20.7,82.1,4726,22.9,46.2,27010,267000,0.6,28.2
Haringey - Woodside,Haringey,TRUE,1.5,15350,2800,11200,1350,34.3,32.9,84.2,6992,16.9,85.7,32010,345000,0.6,31.3
Harrow - Belmont,Harrow,FALSE,1.8,11600,2350,7550,1700,37.9,36.4,35.3,5355,7,26,42380,435000,1.5,38.1
Harrow - Canons,Harrow,FALSE,5.6,13500,2600,8350,2550,40.3,40.8,42.1,5566,8.8,29.7,39890,402500,1.3,34
Harrow - Edgware,Harrow,FALSE,1.4,12050,2550,8000,1500,36,29.4,52.6,5458,9.3,72.8,33600,357500,1.1,32.3
Harrow - Greenhill,Harrow,FALSE,1.7,13100,2500,9250,1350,34.9,46,129.9,6427,11.1,57.2,37550,272000,0.8,30.1
Harrow - Harrow on the Hill,Harrow,FALSE,3.6,12850,2800,8450,1600,35.9,41.8,57.3,5651,8.7,34.4,39630,343000,1,33.7
Harrow - Harrow Weald,Harrow,FALSE,4.6,11650,2200,7350,2100,39.5,32.3,47,4964,11,18.5,36940,384000,1.3,33.6
Harrow - Hatch End,Harrow,FALSE,3.3,10950,2050,6700,2200,41.7,41.8,41.5,4812,7.5,12.3,42350,5.00E+05,1.4,40.4
Harrow - Headstone North,Harrow,FALSE,3.3,10350,1800,6700,1850,40.6,43.6,40.9,4873,6.1,19.2,44470,427500,1.4,38.5
Harrow - Headstone South,Harrow,FALSE,1.5,11600,2350,7750,1500,36.8,43,39.7,5406,9.2,34.5,39090,322500,1.1,37.7
Harrow - Kenton East,Harrow,FALSE,1.3,11500,2150,7800,1550,37.4,27.6,33.5,5251,8.9,47.5,32880,380000,1.2,35.7
Harrow - Kenton West,Harrow,FALSE,1.8,11550,2000,7750,1800,38.9,34.1,40,5430,7,36.9,38400,434475,1.4,36
Harrow - Marlborough,Harrow,FALSE,1.6,13000,2900,8700,1400,35.1,35.5,60.9,5758,13.2,52,34450,268950,0.9,32.4
Harrow - Pinner,Harrow,FALSE,3.3,10300,1850,6300,2150,42.1,44.3,44.7,4466,8.2,15.9,43950,4.00E+05,1.3,39.8
Harrow - Pinner South,Harrow,FALSE,2.4,10650,2200,6450,2000,40.3,47.5,24.5,4833,5.5,12.9,49420,520000,1.4,43.8
Harrow - Queensbury,Harrow,FALSE,1.6,12300,2600,8200,1500,36,30.5,37.4,5490,8.3,51.8,35030,390000,1.2,33.9
Harrow - Rayners Lane,Harrow,FALSE,1.5,11450,2350,7350,1750,38,37.9,33.5,5206,6.4,36.2,40310,380000,1.3,38.2
Harrow - Roxbourne,Harrow,FALSE,1.5,13100,3200,8550,1350,34.3,29.2,53.1,5469,12.5,29.3,32130,290000,1,34.5
Harrow - Roxeth,Harrow,FALSE,1.6,12000,2650,7950,1400,35.7,28.9,64.1,5288,8.9,42.3,35110,355000,1.2,36.4
Harrow - Stanmore Park,Harrow,FALSE,4.5,11500,2000,6850,2650,42.4,35.3,53.3,4637,11.8,18.7,39210,555000,1.4,35.8
Harrow - Wealdstone,Harrow,FALSE,1.2,11750,2800,7650,1300,34.5,27.2,54.5,4869,14.6,47.6,32080,310000,1,33.2
Harrow - West Harrow,Harrow,FALSE,1.5,10750,2150,7100,1500,37.4,40.7,31.2,4949,9.6,29.5,40210,363500,1.1,37
Havering - Brooklands,Havering,FALSE,4.2,17100,3850,11050,2200,36.5,21.3,71.9,7118,13.5,24.6,35250,207500,1,27.6
Havering - Cranham,Havering,FALSE,6.6,12650,2150,7450,3050,44.1,23.3,32.3,5608,6.3,2.6,42250,320000,1.3,42.3
Havering - Elm Park,Havering,FALSE,3.7,12700,2350,7800,2550,41.4,16.5,39.4,5738,11.4,7.4,34730,250000,1.1,32.8
Havering - Emerson Park,Havering,FALSE,4.6,12100,1850,7400,2850,43.6,24.3,36.3,5549,6.6,4.3,43790,365000,1.6,35.7
Havering - Gooshays,Havering,FALSE,7.8,15400,3600,9900,1900,36,13.2,79.9,5909,19.5,8.6,29400,229000,1,22.1
Havering - Hacton,Havering,FALSE,2.5,12600,2000,7950,2650,42.8,17.9,26.1,5919,7.3,4.3,39740,296500,1.3,37
Havering - Harold Wood,Havering,FALSE,7.6,13750,2550,8700,2500,40.4,20.6,67.8,5946,11,4.7,37010,250000,1.2,31.7
Havering - Havering Park,Havering,FALSE,9.8,13200,2700,8200,2300,38.9,15.3,45.7,5645,14.8,4.5,33590,250000,1.3,27.7
Havering - Heaton,Havering,FALSE,3.4,13200,2900,8100,2200,38.5,13.7,68.2,4946,19,8.9,29560,217000,1,23.7
Havering - Hylands,Havering,FALSE,2.9,13200,2100,8600,2500,41.3,19.2,55.8,6483,7.5,2.9,39890,275000,1.4,34.5
Havering - Mawneys,Havering,FALSE,3,13100,2550,8000,2550,40.5,16.3,52.2,5907,10.5,6.3,35820,250000,1.2,30.9
Havering - Pettits,Havering,FALSE,4,13000,2200,7850,2950,43.2,19.9,40.8,6030,7.6,4.3,40010,295000,1.4,37.1
Havering - Rainham and Wennington,Havering,FALSE,16.9,13150,2500,8300,2350,39.9,14.9,74.1,5738,11.9,9.2,34470,240000,1.3,26.6
Havering - Romford Town,Havering,FALSE,2.9,18650,3650,12550,2450,37.3,26.3,167.9,8096,11.9,15.3,37160,225000,0.9,28.9
Havering - St. Andrew's,Havering,FALSE,2.7,13650,2300,8500,2850,42.7,18.9,65.2,6366,8.9,5.5,38130,272500,1.2,34.8
Havering - South Hornchurch,Havering,FALSE,6.8,16600,3600,10350,2650,38.3,14,56.7,5953,14.7,8,33160,242000,1.2,27.1
Havering - Squirrel's Heath,Havering,FALSE,2.6,13450,2450,8650,2350,40,24.3,40.8,6722,8.7,7,41740,280250,1.3,33.5
Havering - Upminster,Havering,FALSE,22.5,13000,2000,7900,3100,44.3,27.9,49.7,5951,4.7,3.6,47580,420000,1.4,42.5
Hillingdon - Barnhill,Hillingdon,FALSE,2.1,14050,3450,9200,1400,33.6,22.4,81.6,5775,12.3,54,31800,250000,1.2,29
Hillingdon - Botwell,Hillingdon,FALSE,4.4,15900,4200,10200,1500,32.8,21.4,96.5,6346,14.4,44,30700,250000,1.1,27.9
Hillingdon - Brunel,Hillingdon,FALSE,3.3,14800,2350,10850,1600,33.6,23.6,96.8,5848,11.3,31,34630,273750,1.1,22.7
Hillingdon - Cavendish,Hillingdon,FALSE,2,12150,2400,7750,2000,39.4,29.9,33.8,5755,6.3,8.1,43970,4.00E+05,1.4,40.2
Hillingdon - Charville,Hillingdon,FALSE,3,13200,3000,8550,1650,35.7,21.1,52.6,5794,10,25.3,35410,275000,1.3,31.5
Hillingdon - Eastcote and East Ruislip,Hillingdon,FALSE,4.1,12600,2150,7800,2650,42.4,38.1,41.9,5804,6.5,8.8,47380,5.00E+05,1.5,45.5
Hillingdon - Harefield,Hillingdon,FALSE,15.2,7800,1550,4900,1350,39.8,25,64.3,3571,10.9,7.5,37990,310000,1.4,30.4
Hillingdon - Heathrow Villages,Hillingdon,FALSE,23.5,13250,3050,8900,1300,34.5,24.2,272.2,6107,11.4,69.1,33170,209000,1.1,24.6
Hillingdon - Hillingdon East,Hillingdon,FALSE,3.6,13700,3100,9000,1600,35.4,24.2,55.8,6074,10,15.9,37250,311000,1.3,31.3
Hillingdon - Ickenham,Hillingdon,FALSE,6.2,10750,1900,6600,2250,42.4,36,33.2,4884,5.3,6.4,48770,521000,1.6,46.5
Hillingdon - Manor,Hillingdon,FALSE,2,11900,2400,7600,1900,39.2,29.6,38.8,5903,5.8,9.3,43460,372500,1.3,42
Hillingdon - Northwood,Hillingdon,FALSE,7.4,10850,1750,6800,2300,42.7,46.4,46.3,4860,7.4,13.6,46550,470000,1.3,36.8
Hillingdon - Northwood Hills,Hillingdon,FALSE,3.3,12000,2250,7600,2150,40.3,37.1,53.9,5475,9.2,14.6,43320,413500,1.3,33.8
Hillingdon - Pinkwell,Hillingdon,FALSE,2.7,15750,4150,10200,1400,32.7,22.8,73.6,6417,12.2,59.5,31830,280000,1.2,28.6
Hillingdon - South Ruislip,Hillingdon,FALSE,7.4,12950,2650,8600,1700,36.4,27.3,64.8,6448,8.7,15.7,40060,305000,1.2,31.6
Hillingdon - Townfield,Hillingdon,FALSE,3.5,14900,3550,9900,1450,33.5,22.2,131.2,5977,14.5,57.9,30430,280000,1,30.8
Hillingdon - Uxbridge North,Hillingdon,FALSE,4.6,13100,2400,8600,2100,39.2,34.9,100.6,5903,8.1,17.4,41470,349950,1.3,34.5
Hillingdon - Uxbridge South,Hillingdon,FALSE,3.1,15000,2050,11550,1400,33.2,29.9,103.3,6133,11.1,36.5,34270,259000,1,24.8
Hillingdon - West Drayton,Hillingdon,FALSE,3.5,15250,3600,9900,1750,34.8,24,81.5,6519,16.5,33.7,32680,249997,1.1,25.2
Hillingdon - West Ruislip,Hillingdon,FALSE,4.4,11600,2150,7450,2000,40.2,33.9,65.4,5421,7.9,10.1,43470,335000,1.3,37.7
Hillingdon - Yeading,Hillingdon,FALSE,2.3,14200,3800,9250,1150,32.3,26,76.4,5981,12.8,48.2,33240,250000,1.1,29.5
Hillingdon - Yiewsley,Hillingdon,FALSE,4,13750,3150,9250,1350,33.9,23.1,110.1,6051,14.9,28.4,32340,225000,1,24.4
Hounslow - Bedfont,Hounslow,FALSE,4.4,12950,2950,8500,1500,35.3,20.2,65,6105,14.5,32,31870,229000,1.1,22.5
Hounslow - Brentford,Hounslow,FALSE,3.2,15800,2950,11300,1550,34.6,35.3,80,7043,14.6,39.2,35040,370000,0.8,30
Hounslow - Chiswick Homefields,Hounslow,FALSE,2.3,11650,2200,7950,1500,37.6,55.7,83.5,6077,6.6,28.3,51830,772500,0.9,41.3
Hounslow - Chiswick Riverside,Hounslow,FALSE,2.1,11700,2300,7800,1600,37.9,56,62.2,6201,8.5,25.5,49680,650000,1,41.3
Hounslow - Cranford,Hounslow,FALSE,2.7,12750,2800,8600,1350,34.1,26.2,74.4,5548,14,90.5,30860,226500,1,25.7
Hounslow - Feltham North,Hounslow,FALSE,3.4,11850,2400,7850,1600,36.7,21.1,77.4,5500,13.9,50.7,32850,270000,1.1,22.3
Hounslow - Feltham West,Hounslow,FALSE,3.2,15800,3950,10700,1150,31.7,25,69.8,7666,12.5,41.1,34010,225000,1,21.5
Hounslow - Hanworth,Hounslow,FALSE,3.3,12400,2900,8000,1500,34.8,19.2,72.9,5265,17.3,26.8,31150,250000,1,22.5
Hounslow - Hanworth Park,Hounslow,FALSE,3.6,12250,2600,8150,1500,36.4,22.2,70.5,5614,12,29.4,34340,250000,1.1,27.2
Hounslow - Heston Central,Hounslow,FALSE,1.7,12600,2650,8500,1450,35.2,32,53,5584,10.7,87.7,33580,348000,1.1,25
Hounslow - Heston East,Hounslow,FALSE,2,12750,2600,8650,1500,35.2,33.4,63.3,5745,10.4,69.5,34030,248000,1.2,24.9
Hounslow - Heston West,Hounslow,FALSE,3.8,12750,2900,8450,1400,34.4,24.4,100.3,5161,14,60,29490,280000,1.1,29.2
Hounslow - Hounslow Central,Hounslow,FALSE,1.7,16200,3300,11350,1550,34,42.8,166.8,7795,7,130.7,35830,249950,0.7,25.2
Hounslow - Hounslow Heath,Hounslow,FALSE,2.8,15250,3700,10300,1250,32.6,34.6,64,6878,11.1,90.1,32530,249950,0.9,27.6
Hounslow - Hounslow South,Hounslow,FALSE,1.8,11650,2200,7800,1650,37.7,32.9,41.4,5767,7.4,36.4,39920,375000,1.3,37.4
Hounslow - Hounslow West,Hounslow,FALSE,1.6,13750,2650,9650,1450,35.1,33.5,92.1,6288,10.4,118.9,31890,270000,0.9,26.2
Hounslow - Isleworth,Hounslow,FALSE,2,12150,2700,8150,1300,35.2,33.8,69.5,5827,14.3,21.7,34790,301000,0.9,32.4
Hounslow - Osterley and Spring Grove,Hounslow,FALSE,6.3,13400,2600,9050,1750,36.7,45.9,73.2,6844,6.9,50,42140,345500,1.2,32.2
Hounslow - Syon,Hounslow,FALSE,2.9,14200,2950,9850,1400,35.1,38.9,82.2,7063,13.4,33.7,37040,365000,0.9,30.6
Hounslow - Turnham Green,Hounslow,FALSE,1.8,11800,1850,8400,1550,38.3,55.4,95,6354,9.1,49.1,47080,634000,0.8,37.8
Islington - Barnsbury,Islington,TRUE,0.8,12950,1950,9750,1250,34.9,51.5,131.4,6292,12.2,56.2,44970,715000,0.5,37.7
Islington - Bunhill,Islington,TRUE,1.1,16700,2200,13350,1150,32.5,45.2,179.7,6889,13.6,67.8,39200,640000,0.3,30.3
Islington - Caledonian,Islington,TRUE,1.1,14900,2200,11450,1250,34,39.1,138.8,6494,17,49.6,35840,447500,0.4,33.7
Islington - Canonbury,Islington,TRUE,0.8,12500,2250,9000,1250,35.5,47.3,80.2,6103,18.7,36.3,40590,550000,0.4,35.3
Islington - Clerkenwell,Islington,TRUE,0.9,12300,1450,9850,1000,34.8,47.9,154.3,5721,13.5,88.2,43350,732500,0.4,34.9
Islington - Finsbury Park,Islington,TRUE,0.9,15300,2700,11300,1300,33.6,41.8,161.3,6862,20,63.3,33620,410000,0.3,37.3
Islington - Highbury East,Islington,TRUE,1,12150,2250,8700,1200,35.5,58.8,98.2,6350,11.8,33.5,47810,667500,0.5,41.5
Islington - Highbury West,Islington,TRUE,1.1,16350,2650,12650,1050,33.6,56.3,88.5,8745,15.3,41.1,43800,5.00E+05,0.4,39.5
Islington - Hillrise,Islington,TRUE,0.8,12350,2300,8900,1150,35,43.7,74,5560,20,37,39090,447500,0.5,39.6
Islington - Holloway,Islington,TRUE,1,16050,2400,12400,1250,33.5,43.3,83.3,7305,18.1,50,35430,405000,0.4,37.5
Islington - Junction,Islington,TRUE,1,12950,2000,9700,1250,35.6,46.9,115.5,6085,17.1,49.2,39470,452000,0.4,38.6
Islington - Mildmay,Islington,TRUE,0.8,13550,2500,10000,1050,33.7,48.8,92.3,6556,17.5,36.4,39300,525000,0.4,35.8
Islington - St. George's,Islington,TRUE,0.8,13100,2100,9750,1250,35.2,48.3,76.5,6282,17,50,40860,495645,0.5,39.8
Islington - St. Mary's,Islington,TRUE,0.9,12550,1750,9600,1200,35.9,54.4,192.2,6476,14.3,41.6,46190,650000,0.4,35.5
Islington - St. Peter's,Islington,TRUE,0.8,13150,1950,10050,1150,35.2,53,127.1,6277,15.1,45.6,43870,667500,0.4,36.5
Islington - Tollington,Islington,TRUE,0.8,13900,2450,10350,1100,34.2,45.2,86.4,6770,18.7,39.4,38090,465000,0.4,40
Kensington and Chelsea - Abingdon,Kensington and Chelsea,FALSE,0.6,10700,1750,7550,1400,37.7,59.2,83.2,4823,5.1,71.1,54690,1295000,0.6,31.7
Kensington and Chelsea - Brompton,Kensington and Chelsea,FALSE,1,8900,1250,6350,1300,39.2,57.4,185.5,4465,3.4,57.4,64320,1950000,0.6,27.7
Kensington and Chelsea - Campden,Kensington and Chelsea,FALSE,0.9,8200,1400,5700,1100,38.4,62.4,124.7,4206,3.6,40,65500,1400000,0.7,33.2
Kensington and Chelsea - Colville,Kensington and Chelsea,FALSE,0.4,8350,1200,6150,1000,38.3,48.6,172.2,4457,15.1,45.1,43560,935000,0.4,31.8
Kensington and Chelsea - Courtfield,Kensington and Chelsea,FALSE,0.5,9050,1150,6950,950,35.6,58.7,109,4535,4.4,78.9,61810,1325000,0.5,24.9
Kensington and Chelsea - Cremorne,Kensington and Chelsea,FALSE,0.6,8250,1250,5550,1450,40.4,41.2,89.5,3470,12.9,28,43920,1050000,0.5,35.1
Kensington and Chelsea - Earl's Court,Kensington and Chelsea,FALSE,0.5,9350,1150,7300,900,36.8,53.3,110.4,4973,12,84.7,44100,783250,0.4,27.9
Kensington and Chelsea - Golborne,Kensington and Chelsea,FALSE,0.9,9550,1650,6850,1050,36.5,32.1,130.9,3768,23.3,40.3,30100,533800,0.4,29.3
Kensington and Chelsea - Hans Town,Kensington and Chelsea,FALSE,0.6,8850,1250,6150,1450,40.5,55.1,188.3,4424,5.4,59.3,58100,1587500,0.6,27.7
Kensington and Chelsea - Holland,Kensington and Chelsea,FALSE,1,9850,1850,6650,1350,37.8,58.8,70.8,4586,5.7,66.4,54770,1375000,0.7,31.8
Kensington and Chelsea - Norland,Kensington and Chelsea,FALSE,0.7,8750,1600,5650,1500,39.7,51.2,97.2,3961,11.3,38.1,53430,1343000,0.6,35.9
Kensington and Chelsea - Notting Barns,Kensington and Chelsea,FALSE,0.6,9750,1850,6550,1350,37,37.2,99.3,4036,19.6,33.6,36690,776000,0.5,35.3
Kensington and Chelsea - Pembridge,Kensington and Chelsea,FALSE,0.5,7750,1100,5700,950,37.8,60.8,177.9,4288,5.6,90.1,55710,1127500,0.5,30.6
Kensington and Chelsea - Queen's Gate,Kensington and Chelsea,FALSE,0.6,10000,1500,7450,1050,36.3,61.7,88,4971,1.8,88.4,63630,1745000,0.6,26.6
Kensington and Chelsea - Redcliffe,Kensington and Chelsea,FALSE,0.7,9250,1400,6750,1100,37.5,60.5,80.1,5131,6.5,58.5,54550,995000,0.6,28.6
Kensington and Chelsea - Royal Hospital,Kensington and Chelsea,FALSE,0.9,7350,1000,4750,1600,43.8,56.1,117.9,3539,4.9,38.6,60600,1995000,0.8,36.4
Kensington and Chelsea - St. Charles,Kensington and Chelsea,FALSE,0.7,9600,1800,6700,1100,37.1,35.5,114.8,4126,20.8,39.2,36100,642500,0.5,32.5
Kensington and Chelsea - Stanley,Kensington and Chelsea,FALSE,0.7,8250,1300,5650,1300,39.6,56.1,118.7,4239,4.5,46.5,54990,1100000,0.7,33.5
Kingston upon Thames - Alexandra,Kingston upon Thames,FALSE,2.7,9700,1900,6200,1600,38.9,32.7,34.7,4464,5.5,17.6,41390,404975,1.4,36.3
Kingston upon Thames - Berrylands,Kingston upon Thames,FALSE,1.5,9800,1800,6500,1500,38.3,48.4,31.6,4813,7.3,15.9,42330,361125,1,38
Kingston upon Thames - Beverley,Kingston upon Thames,FALSE,1.9,10450,2200,6900,1350,37.3,41.7,64.5,4807,7.2,30,40700,435000,1,41.2
Kingston upon Thames - Canbury,Kingston upon Thames,FALSE,1.2,13300,3100,9050,1150,33.6,54.4,38.4,6529,6.3,21.2,45600,449500,0.9,35.2
Kingston upon Thames - Chessington North and Hook,Kingston upon Thames,FALSE,1.9,9000,1800,5800,1400,38.3,22.8,43.9,4334,8.4,10.4,37230,310000,1.3,30.8
Kingston upon Thames - Chessington South,Kingston upon Thames,FALSE,7.6,10500,2200,6800,1500,37.6,25.3,47.5,5291,7.3,6.8,38310,315000,1.4,30.4
Kingston upon Thames - Coombe Hill,Kingston upon Thames,FALSE,4.4,10700,1950,7150,1600,37.1,44.5,47.8,4458,4.9,34.7,45650,480000,1.3,34.9
Kingston upon Thames - Coombe Vale,Kingston upon Thames,FALSE,1.6,10100,2100,6550,1450,37.9,47.4,26.2,4619,5.2,20.1,44320,480000,1.2,40.5
Kingston upon Thames - Grove,Kingston upon Thames,FALSE,1.9,11750,1950,8750,1050,33.4,47,268.5,5683,7.6,35.2,41410,4.00E+05,0.8,28.9
Kingston upon Thames - Norbiton,Kingston upon Thames,FALSE,1.3,10650,2150,7500,1000,34,35.8,62.4,4973,11.2,30.6,34650,341750,0.8,29.2
Kingston upon Thames - Old Malden,Kingston upon Thames,FALSE,1.8,9700,1850,6100,1750,39.9,34.4,29.6,4501,6.7,15.6,41760,395725,1.4,36.1
Kingston upon Thames - St. James,Kingston upon Thames,FALSE,2.2,9250,1700,5900,1650,40.6,38,33.8,4061,6.7,22.9,41850,443567.5,1.3,37.8
Kingston upon Thames - St. Mark's,Kingston upon Thames,FALSE,1.4,10900,1350,8650,900,33.6,48.3,49.7,5872,4.8,25.3,44930,395350,0.9,30.2
Kingston upon Thames - Surbiton Hill,Kingston upon Thames,FALSE,1.7,10900,1900,7550,1450,37.7,52.2,29.6,5705,5.2,19,43160,396770,1,34.7
Kingston upon Thames - Tolworth and Hook Rise,Kingston upon Thames,FALSE,2.6,10650,2150,7050,1450,37.3,30,53.7,4993,6.7,22.7,37840,337195,1.2,32.1
Kingston upon Thames - Tudor,Kingston upon Thames,FALSE,1.6,9800,2150,6200,1450,38.5,51.3,33.1,4674,5.4,11.2,48530,550000,1.2,42.1
Lambeth - Bishop's,Lambeth,TRUE,1.5,11400,1250,9200,950,34.9,47.2,243.6,5119,10.9,54.5,40360,590000,0.4,33.2
Lambeth - Brixton Hill,Lambeth,TRUE,1.1,16650,2650,12900,1100,33.6,49.6,91.5,9214,13.7,55.3,39050,420000,0.5,34.3
Lambeth - Clapham Common,Lambeth,TRUE,1.3,13600,2150,10500,950,33.4,63.3,85.6,8007,9.4,40.7,49520,620000,0.7,31.7
Lambeth - Clapham Town,Lambeth,TRUE,1.1,14850,2150,11700,1000,33.8,59.7,142.5,8628,10.8,45.8,44960,610000,0.5,31
Lambeth - Coldharbour,Lambeth,TRUE,1.2,17500,3550,12900,1050,32.4,36.8,180.9,7874,18.4,55.6,32220,435000,0.4,33.3
Lambeth - Ferndale,Lambeth,TRUE,0.9,16400,2050,13400,950,33.4,52.9,145.6,9406,12.4,64.1,39480,497475,0.4,29.7
Lambeth - Gipsy Hill,Lambeth,TRUE,1.6,13900,3150,9600,1150,33.9,39.3,79.6,6633,16.8,20.6,36650,350000,0.6,33.8
Lambeth - Herne Hill,Lambeth,TRUE,2,15600,2950,11450,1200,34.3,52,92.4,8459,14.4,54,41700,432500,0.5,40.3
Lambeth - Knight's Hill,Lambeth,TRUE,1.5,15200,3450,10350,1400,34.2,38.2,74.6,6876,17.3,35.8,36950,355000,0.6,34.2
Lambeth - Larkhall,Lambeth,TRUE,1.1,18000,2900,13950,1150,32.9,48.5,92.8,9777,14,58.7,37260,430000,0.4,28.6
Lambeth - Oval,Lambeth,TRUE,1.3,16600,2300,13150,1150,34.3,51.6,127.4,8847,12.2,60.1,39200,699995,0.4,34.2
Lambeth - Prince's,Lambeth,TRUE,1.2,15400,2550,11450,1400,35.5,46.5,119.3,7480,16.1,61.8,37600,495000,0.4,37.8
Lambeth - St. Leonard's,Lambeth,TRUE,1.4,15200,2800,11250,1150,34.1,46.3,104,8292,13,58.8,39880,340000,0.6,29.9
Lambeth - Stockwell,Lambeth,TRUE,0.9,15250,2800,11350,1100,33.8,41,83.7,7863,14.8,70.8,35050,391375,0.4,34.4
Lambeth - Streatham Hill,Lambeth,TRUE,1.3,15150,2700,11200,1250,34.5,46.4,76.9,7798,11.4,48.6,39250,359000,0.6,32.8
Lambeth - Streatham South,Lambeth,TRUE,1.7,14750,2950,10150,1650,35.6,34.8,74.9,6900,13.3,59.3,36710,375000,0.8,33.1
Lambeth - Streatham Wells,Lambeth,TRUE,1.5,15250,3050,10950,1250,34,42.6,72.7,8008,12.4,42.2,38270,345875,0.6,32.3
Lambeth - Thornton,Lambeth,TRUE,1.1,14000,2800,10150,1050,33.1,47.8,55.2,6647,11.3,50.3,41880,511250,0.6,37.6
Lambeth - Thurlow Park,Lambeth,TRUE,1.5,13800,3150,9350,1300,34.7,50.3,73.2,7074,13,35.1,41600,412747.5,0.7,39.4
Lambeth - Tulse Hill,Lambeth,TRUE,1,16300,3300,11900,1100,32.9,42.7,80.3,8054,16.5,48.6,35610,417000,0.5,35.7
Lambeth - Vassall,Lambeth,TRUE,1.1,15600,2600,11900,1100,33.9,41.3,81,7157,17.8,49.3,34830,395000,0.4,33.1
Lewisham - Bellingham,Lewisham,TRUE,3.1,15300,3700,10000,1600,34.6,23.5,94,6198,20.3,25.4,31340,265000,0.7,26.6
Lewisham - Blackheath,Lewisham,TRUE,2.3,14950,2700,10700,1550,35.9,53.2,83.9,7360,10.1,27.4,44870,385000,0.7,38.7
Lewisham - Brockley,Lewisham,TRUE,1.7,18550,2950,14450,1150,33,47.3,78.8,9571,12.6,55,38100,330000,0.5,33
Lewisham - Catford South,Lewisham,TRUE,1.9,15650,3200,10650,1800,36.6,34.2,44.8,7172,12.8,28.4,39070,332500,0.9,35
Lewisham - Crofton Park,Lewisham,TRUE,1.7,15350,3200,10700,1450,35.4,45.1,58.4,7876,11.3,27.4,42560,455000,0.7,38.1
Lewisham - Downham,Lewisham,TRUE,2.4,14950,3500,9600,1850,35.5,20.2,78.9,5793,20.8,21.8,30880,242500,0.7,24.7
Lewisham - Evelyn,Lewisham,TRUE,1.8,18500,4250,13200,1050,31.3,33.5,69.6,7482,18,67.6,30560,315000,0.4,30
Lewisham - Forest Hill,Lewisham,TRUE,1.8,15350,3300,10550,1500,35.4,46.4,69.9,7528,14.1,22.6,40960,340000,0.7,37.7
Lewisham - Grove Park,Lewisham,TRUE,2.4,15100,3100,10100,1900,36.8,29.2,50.6,6764,14.9,22.9,36150,250000,0.9,30.7
Lewisham - Ladywell,Lewisham,TRUE,1.6,15250,2750,11150,1350,34.8,44.5,55,7447,11.7,30.1,40290,370000,0.7,40.8
Lewisham - Lee Green,Lewisham,TRUE,1.8,15000,3000,10300,1700,36.4,46.1,60.9,7639,12.4,29.6,42760,402500,0.7,41.2
Lewisham - Lewisham Central,Lewisham,TRUE,2.1,20250,4050,14700,1500,33.6,42,134.9,8895,16.6,54.3,35760,290000,0.5,30.4
Lewisham - New Cross,Lewisham,TRUE,1.8,17700,3550,13150,1000,31.8,34.7,108.5,7520,14.3,69.2,31520,242000,0.5,30.6
Lewisham - Perry Vale,Lewisham,TRUE,1.7,16050,3350,11150,1550,35.5,41.5,54.6,7946,14,28,39130,355000,0.7,37.4
Lewisham - Rushey Green,Lewisham,TRUE,1.8,16650,3800,11500,1350,34,32.9,118.7,6818,19.4,41.5,34670,270000,0.6,29.9
Lewisham - Sydenham,Lewisham,TRUE,1.7,16150,3350,10950,1850,36.2,36.6,73.2,7327,16,25.5,37060,350000,0.7,35.6
Lewisham - Telegraph Hill,Lewisham,TRUE,1.5,17200,3250,12750,1200,33.4,43.7,51.1,8512,14.4,44.9,37230,360000,0.6,36.1
Lewisham - Whitefoot,Lewisham,TRUE,2.2,15050,3650,9800,1600,34.7,22.7,70.4,5802,18.6,27.1,32840,248000,0.8,27.7
Merton - Abbey,Merton,FALSE,1.4,10550,1950,7700,900,34.8,55.4,71.6,6284,6.2,36.6,45370,482500,0.7,35.4
Merton - Cannon Hill,Merton,FALSE,2.2,9450,1700,6100,1650,40.1,35.2,35.4,4665,6.3,25.6,42320,455000,1.2,40
Merton - Colliers Wood,Merton,FALSE,1.1,11250,1900,8400,950,34.6,43.1,79.1,6385,7.5,57.9,38780,350000,0.7,35.8
Merton - Cricket Green,Merton,FALSE,3,11850,2850,7650,1350,34.7,23.3,78.5,4967,14.7,48.4,29930,245000,0.7,35
Merton - Dundonald,Merton,FALSE,1.2,9600,1800,6800,1000,35.7,60.7,60.4,5683,2.8,30.5,49910,565000,0.8,42.7
Merton - Figge's Marsh,Merton,FALSE,1.1,11700,2850,7700,1150,33.8,25.3,78.8,5036,13.1,64.1,30860,250000,0.8,35.3
Merton - Graveney,Merton,FALSE,0.9,10100,2000,6900,1200,35.8,32.1,55.6,4981,8.3,83.1,35580,388000,0.9,37.6
Merton - Hillside,Merton,FALSE,1.2,9250,1400,6550,1300,38.6,64.6,56.7,5194,3.3,31.9,51480,563750,0.8,38.7
Merton - Lavender Fields,Merton,FALSE,1.2,10650,2300,7500,850,33.6,32.6,57.9,5393,9.7,50,33360,280000,0.8,30.3
Merton - Longthornton,Merton,FALSE,1.5,10550,2300,7050,1200,35.7,27.5,50.9,4737,9.9,40.9,34350,295000,1,34.9
Merton - Lower Morden,Merton,FALSE,1.8,9350,1750,6050,1550,39.1,24.5,33.1,4660,6.9,17,38730,320000,1.3,36.5
Merton - Merton Park,Merton,FALSE,1.8,9750,1950,6250,1550,38.6,50.1,54.8,4702,4.6,39.1,46300,522500,1,43
Merton - Pollards Hill,Merton,FALSE,2.2,10750,2550,7050,1150,34.8,23.4,60.2,4560,14.4,28.7,31940,288000,1,34.1
Merton - Ravensbury,Merton,FALSE,1.8,10300,2250,6700,1350,36.4,25.1,63.7,4489,13.6,52.1,32330,285000,0.9,33.7
Merton - Raynes Park,Merton,FALSE,1.9,10050,2050,6550,1450,38,54.3,43.9,5072,5.6,26.2,49340,499500,1,40.1
Merton - St. Helier,Merton,FALSE,1.8,10700,2350,6900,1450,36.6,23.4,51.4,4703,13,46.8,32530,280000,0.9,33.2
Merton - Trinity,Merton,FALSE,1.1,10050,2050,7100,900,34.6,59.6,83.9,5925,6.4,34.1,47380,497000,0.8,38.1
Merton - Village,Merton,FALSE,6.2,8800,1650,5350,1800,41.9,62.3,52.2,3730,2.3,19.5,62200,1530000,1.4,46.6
Merton - West Barnes,Merton,FALSE,2,10250,2150,6600,1500,37.6,41.9,49.6,4990,5.3,22.1,44170,475000,1.1,41
Merton - Wimbledon Park,Merton,FALSE,2.3,11500,2700,7750,1050,34.2,59.6,42.2,6198,5.3,30,50730,732500,1,44.7
Newham - Beckton,Newham,TRUE,6.3,16650,3650,12200,800,30.5,27.9,125.2,6682,17.4,55.5,34100,233500,0.7,21.7
Newham - Boleyn,Newham,TRUE,0.9,16350,4050,11000,1300,31.9,28.8,69.8,6291,17.5,123.6,31630,250000,0.6,33.7
Newham - Canning Town North,Newham,TRUE,2.5,16650,3550,11850,1250,32.6,23.9,93.9,6103,25.8,103.3,28910,249000,0.5,27.3
Newham - Canning Town South,Newham,TRUE,1.8,20400,4050,15100,1250,31.6,33.3,64.8,7403,23.2,78.3,32870,280000,0.5,23.3
Newham - Custom House,Newham,TRUE,2.1,14900,3500,10400,1000,31.7,24.2,108.1,5839,22.9,80.1,31840,250000,0.7,22.8
Newham - East Ham Central,Newham,TRUE,1,16200,3650,11350,1200,32,32.6,111.8,6503,15.8,149.2,32380,250000,0.6,33.7
Newham - East Ham North,Newham,TRUE,0.9,14250,3050,10100,1100,32.2,31.1,54.7,5482,17.1,133.9,32340,249995,0.7,35.5
Newham - East Ham South,Newham,TRUE,1.8,16250,4250,10800,1200,31.2,24.1,67.1,5952,19.4,86.5,31430,240000,0.7,30.4
Newham - Forest Gate North,Newham,TRUE,1.2,16550,3500,11800,1250,32.7,33,64.7,7545,16.1,104.3,34270,313000,0.6,30.8
Newham - Forest Gate South,Newham,TRUE,1.2,18100,3650,13300,1150,31.7,32.7,87.9,7985,17.7,106.3,34550,263900,0.6,29.2
Newham - Green Street East,Newham,TRUE,0.7,16300,3650,11650,1000,30.9,30,60.1,6341,14.2,129.9,31570,260000,0.6,34.3
Newham - Green Street West,Newham,TRUE,0.8,15500,3350,10950,1200,31.9,29.8,71.2,5873,14.7,125.3,31080,250000,0.7,33.8
Newham - Little Ilford,Newham,TRUE,1.9,17100,4750,11200,1150,30.3,24.6,75.6,5774,20.6,98.5,29730,230000,0.6,31.4
Newham - Manor Park,Newham,TRUE,1.3,15600,3750,10750,1100,31.4,30.2,66.8,5936,18,115.6,31580,249974.5,0.7,31
Newham - Plaistow North,Newham,TRUE,1,15800,3700,10900,1200,32,26.8,61.9,6260,19.3,82,30740,250000,0.5,30.8
Newham - Plaistow South,Newham,TRUE,1.4,16800,4700,11000,1100,30.9,26.2,92,6921,19.9,110.1,31750,250000,0.6,30.2
Newham - Royal Docks,Newham,TRUE,4.8,16550,3450,12500,600,29.7,42.7,71.5,5750,18.4,48.3,38580,303500,0.7,21.3
Newham - Stratford and New Town,Newham,TRUE,4.2,26700,3700,21750,1250,31.5,40.6,240.9,9665,17.8,88.1,35840,280000,0.4,24.3
Newham - Wall End,Newham,TRUE,1.4,15150,3850,10300,1000,31.2,29.6,46.6,5786,14.7,125,32330,250000,0.7,35.7
Newham - West Ham,Newham,TRUE,1.3,16150,3300,11600,1250,32.7,29.8,58.8,7002,18.5,106.8,32310,273500,0.5,28.9
Redbridge - Aldborough,Redbridge,FALSE,8.6,15800,3500,10400,1900,35.4,32,66.3,6327,9.9,38.8,37310,315000,1.1,34.8
Redbridge - Barkingside,Redbridge,FALSE,1.5,13150,2600,8600,1950,37.9,35.2,50.5,5513,7.8,40.1,39620,368750,1.2,31.1
Redbridge - Bridge,Redbridge,FALSE,2.6,11850,2350,7750,1750,38,29.9,58.6,5683,10.3,14.6,39320,340000,1.1,32.4
Redbridge - Chadwell,Redbridge,FALSE,1.5,14850,3750,9600,1500,33.9,28.5,54.5,6343,12.5,27.7,36700,250000,1,29.2
Redbridge - Church End,Redbridge,FALSE,1.5,11850,2300,8100,1450,37.1,46.3,61,6381,6.7,19.6,45410,340000,1.1,37.5
Redbridge - Clayhall,Redbridge,FALSE,2.5,13600,2650,8850,2100,37.9,34,54,5723,7.4,23,41450,390000,1.4,41.3
Redbridge - Clementswood,Redbridge,FALSE,1.3,16950,4750,10950,1250,30.7,32.4,136.7,5459,14.2,115.3,30230,235000,0.8,27.6
Redbridge - Cranbrook,Redbridge,FALSE,2.4,13300,2900,8700,1700,36.1,37.2,73,5349,9.1,55,38290,367500,1.2,31.8
Redbridge - Fairlop,Redbridge,FALSE,3.6,12950,2700,8450,1800,37.2,25.5,57.7,5906,10.5,27.7,37560,310000,1.2,34.8
Redbridge - Fullwell,Redbridge,FALSE,2.2,13200,2750,8350,2100,38.2,26.5,55.4,5407,11.9,26.5,35690,339497.5,1.2,33.4
Redbridge - Goodmayes,Redbridge,FALSE,1.6,13450,3400,8900,1150,32.7,31.4,70.3,5407,13.6,69.4,33820,307000,1,29.1
Redbridge - Hainault,Redbridge,FALSE,5.6,13550,3050,8600,1900,36.7,20.4,60.4,5304,17.2,22.4,31520,249999,1,23.5
Redbridge - Loxford,Redbridge,FALSE,1.3,17650,5150,11300,1200,30.2,31.1,86.2,5618,14.9,96.1,28500,193000,0.7,29.6
Redbridge - Mayfield,Redbridge,FALSE,1.9,13950,3400,8900,1650,34.6,29.9,52.5,5561,10.6,52.3,35630,305000,1.2,32
Redbridge - Monkhams,Redbridge,FALSE,3.1,10600,1750,6550,2300,43,41.6,48.1,4950,5.7,8.5,48780,499747.5,1.4,41
Redbridge - Newbury,Redbridge,FALSE,2.1,17450,4350,11400,1700,33.3,33.4,54.9,6931,11.1,52.5,35550,315000,1.1,33.5
Redbridge - Roding,Redbridge,FALSE,2.3,12550,2900,8250,1400,35.3,37,50.3,5951,9.1,21.6,41040,302500,1.1,34
Redbridge - Seven Kings,Redbridge,FALSE,2.1,16950,4200,11200,1550,32.9,31.7,87.3,6066,13.1,74.1,34480,294000,1,30.3
Redbridge - Snaresbrook,Redbridge,FALSE,2,12100,2150,7900,2050,40.3,50.1,51.8,6214,6.2,20.8,45160,361392.5,1,40.3
Redbridge - Valentines,Redbridge,FALSE,1.5,15000,3950,9750,1300,32.6,36.9,104.5,5758,13.7,78.2,34900,225000,0.8,28.9
Redbridge - Wanstead,Redbridge,FALSE,5.2,11750,2350,7450,1950,39.5,45.3,71.8,5688,6.8,18.8,46370,460000,1.1,43.5
Richmond upon Thames - Barnes,Richmond upon Thames,FALSE,3,10550,2100,6750,1700,39,57.5,55.7,4839,5.8,24.6,55450,1362500,1,45.4
Richmond upon Thames - East Sheen,Richmond upon Thames,FALSE,5.8,10550,2500,6400,1650,38.2,61.6,48.7,5108,3.7,14.3,56090,985000,1.1,51.7
Richmond upon Thames - Fulwell and Hampton Hill,Richmond upon Thames,FALSE,1.9,10300,2250,6600,1450,38.1,52.8,44.7,5350,6,10.6,48810,480000,1.1,41
"Richmond upon Thames - Ham, Petersham & Richmond Riverside",Richmond upon Thames,FALSE,9.4,10600,2000,6700,1900,40.4,46,56,4857,9,20,44870,5.00E+05,1,40.3
Richmond upon Thames - Hampton,Richmond upon Thames,FALSE,6.9,10200,2050,6300,1850,40.3,47.2,49.7,4999,6.5,7.6,46750,599950,1.2,41.2
Richmond upon Thames - Hampton North,Richmond upon Thames,FALSE,1.9,9600,1850,6100,1650,39.8,36.3,47.9,4482,11.3,10.2,39440,335000,1.2,35.3
Richmond upon Thames - Hampton Wick,Richmond upon Thames,FALSE,2.7,10500,2150,6900,1450,38.4,53.6,46.2,4950,6.8,12.7,46760,455000,1.1,41.4
Richmond upon Thames - Heathfield,Richmond upon Thames,FALSE,1.9,10600,2100,6800,1700,38.2,29.8,55.3,4752,10.5,21,36950,380500,1.2,33.1
Richmond upon Thames - Kew,Richmond upon Thames,FALSE,3.6,11650,2450,7450,1750,38.7,62,56.7,5807,5.4,21.1,52130,630000,1,47.8
Richmond upon Thames - Mortlake and Barnes Common,Richmond upon Thames,FALSE,1.9,11100,2600,7100,1400,36.9,57.6,64.1,5800,6.4,16.8,50100,746500,0.9,44.2
Richmond upon Thames - North Richmond,Richmond upon Thames,FALSE,2.8,11050,2200,7250,1600,38.2,59,58.6,5695,6.3,20.4,50860,625625,0.9,48
Richmond upon Thames - St. Margarets & North Twickenham,Richmond upon Thames,FALSE,2,11850,2750,8000,1100,35.3,62.6,58.3,6200,4.3,12.2,52870,6.00E+05,1.1,45.2
Richmond upon Thames - South Richmond,Richmond upon Thames,FALSE,2.7,11050,1900,7600,1550,38.7,63.6,110.7,5715,4.7,29.4,52690,655000,0.9,43.8
Richmond upon Thames - South Twickenham,Richmond upon Thames,FALSE,1.7,10100,2000,6900,1200,36.6,55.3,35.3,5458,4.6,13.9,51380,555500,1.1,40.4
Richmond upon Thames - Teddington,Richmond upon Thames,FALSE,4.3,10550,2050,6900,1600,39,58.5,46.4,5564,5.2,14.7,50600,499950,1.1,44.6
Richmond upon Thames - Twickenham Riverside,Richmond upon Thames,FALSE,2,10600,2000,7250,1350,38.2,63.8,66.7,5916,3.9,17.1,51350,458725,0.9,41.7
Richmond upon Thames - West Twickenham,Richmond upon Thames,FALSE,2.5,10700,2400,6950,1350,36.8,45.1,55.2,5568,6.4,13.2,45040,450000,1.1,37.4
Richmond upon Thames - Whitton,Richmond upon Thames,FALSE,1.6,10000,1900,6300,1800,39.5,36.9,49.6,4802,7,18.1,42230,420000,1.2,39.4
Southwark - Brunswick Park,Southwark,TRUE,0.9,13550,2700,9900,950,33.4,41.5,104.8,6446,14.1,56.7,36310,346500,0.5,37
Southwark - Camberwell Green,Southwark,TRUE,1,15950,3400,11450,1100,33.5,34.3,111.2,6937,16.2,75.1,31840,310000,0.4,33.9
Southwark - Cathedrals,Southwark,TRUE,1.8,17250,1700,14350,1200,33.5,45.8,184.9,7697,12.5,50.7,40430,580000,0.4,30
Southwark - Chaucer,Southwark,TRUE,0.8,16200,2300,13050,850,31.6,48.8,114.4,8056,10.1,65.4,37780,442000,0.4,34.2
Southwark - College,Southwark,TRUE,3.2,11850,2450,8000,1400,36.7,48.7,73.3,5705,12.2,25.1,42600,350000,0.8,40.6
Southwark - East Dulwich,Southwark,TRUE,1,12450,2500,8800,1150,35.6,56.5,60.3,7196,8.8,21.1,48670,572500,0.7,40.7
Southwark - East Walworth,Southwark,TRUE,1.1,13850,2450,10300,1100,33.3,32.4,159.3,5291,16.2,65,31010,315000,0.4,34.5
Southwark - Faraday,Southwark,TRUE,0.9,13100,3000,9100,1000,32.8,28.6,97.4,5581,13.9,67.7,30760,315000,0.4,31.2
Southwark - Grange,Southwark,TRUE,1.2,17600,2500,14100,1000,32.7,46.3,106.2,8428,13.1,67.5,38500,5.00E+05,0.4,29.6
Southwark - Livesey,Southwark,TRUE,1.4,15050,3450,10300,1300,33.3,27.9,98.2,5742,19.8,65.4,28880,289995,0.4,33.8
Southwark - Newington,Southwark,TRUE,0.8,15500,2600,11650,1250,34.1,37.5,110.4,6957,15.6,64.1,34190,380000,0.4,36.4
Southwark - Nunhead,Southwark,TRUE,1.3,13850,2850,9750,1250,34.8,34.8,68.7,6328,22,51.1,33540,356250,0.5,34.5
Southwark - Peckham,Southwark,TRUE,0.9,15350,3650,10600,1100,32.2,30.6,95.7,6258,19.6,62.9,30030,285000,0.5,33.9
Southwark - Peckham Rye,Southwark,TRUE,2.3,13550,2950,9450,1150,34.5,49.7,56.5,7263,12.4,23,42820,421000,0.7,39.9
Southwark - Riverside,Southwark,TRUE,1.3,16600,2250,13300,1050,34.3,54.9,101.9,8745,10.4,65.8,43110,585000,0.5,30.5
Southwark - Rotherhithe,Southwark,TRUE,1.5,15050,2650,11350,1050,33.2,43,97.5,7175,14.6,76.5,36970,421800,0.5,31
Southwark - South Bermondsey,Southwark,TRUE,1,14400,2850,10500,1050,33.1,30.9,103.3,6452,16.4,57.2,31150,288025,0.5,30.4
Southwark - South Camberwell,Southwark,TRUE,1.3,13200,2550,9700,950,33.3,49,52.2,6543,10.8,30.4,41130,396089,0.6,38.4
Southwark - Surrey Docks,Southwark,TRUE,1.9,15400,1950,12500,950,33.9,56,53.7,8567,7.2,54.8,45410,415000,0.6,29.7
Southwark - The Lane,Southwark,TRUE,1.4,16450,3550,11450,1450,34.2,42,138.1,7623,15,46.7,37940,407500,0.5,37.6
Southwark - Village,Southwark,TRUE,2.8,12500,2800,8200,1500,36.8,63.7,57.5,6258,7,13.9,58400,850000,1,51.7
Sutton - Beddington North,Sutton,FALSE,5,10600,2200,6850,1550,38.5,25.1,59.6,5250,7.8,9.1,39290,289000,1.3,33.2
Sutton - Beddington South,Sutton,FALSE,3.1,10950,2350,6850,1750,38,26.7,52.9,4718,14.6,8.7,35600,386000,1.3,31.8
Sutton - Belmont,Sutton,FALSE,2.3,10300,1900,6600,1800,40.2,40.4,35.6,5042,7.8,11.5,44260,290000,1.2,38
Sutton - Carshalton Central,Sutton,FALSE,2,10400,2050,6750,1600,39.1,35.7,44.4,5302,7.4,6.7,42200,318000,1.2,38.1
Sutton - Carshalton South and Clockhouse,Sutton,FALSE,7.1,10250,2150,6350,1750,39.4,34.8,34.1,4741,6.9,3.8,44270,419995,1.5,38.2
Sutton - Cheam,Sutton,FALSE,3.9,10550,1950,6450,2150,41.6,38.6,33.9,4749,4.8,10.9,46220,376000,1.5,41.2
Sutton - Nonsuch,Sutton,FALSE,1.9,10900,1900,6950,2050,41.1,27.1,44.4,5402,5.5,8.9,42640,388500,1.4,37.8
Sutton - St. Helier,Sutton,FALSE,1.5,12300,3050,7950,1300,34.7,17.7,71.9,5418,14.7,16.1,31040,248000,1,22
Sutton - Stonecot,Sutton,FALSE,2,10950,2050,7150,1750,39.3,22.5,48.5,5420,6.2,10.1,39210,347500,1.4,32
Sutton - Sutton Central,Sutton,FALSE,1.3,11600,2500,7800,1300,36,31.2,158.4,5793,12.3,25.3,35660,240000,0.8,30.2
Sutton - Sutton North,Sutton,FALSE,1.9,10600,2200,6550,1850,39.5,25.7,46.1,4959,8.3,14.4,38060,300500,1.1,33.6
Sutton - Sutton South,Sutton,FALSE,1.3,10000,1700,6600,1700,40.3,41.6,42.5,5073,8.2,24.1,40460,250000,0.9,34.4
Sutton - Sutton West,Sutton,FALSE,1.8,10950,2050,7350,1550,38.5,38.6,33.8,5686,5.8,18,41610,270000,1.1,33.9
Sutton - The Wrythe,Sutton,FALSE,1.5,10500,2100,6900,1500,37.8,23.2,61.4,5289,9.8,6.2,36790,257500,1.1,29.7
Sutton - Wallington North,Sutton,FALSE,1.6,10850,2250,7100,1500,37.8,30.3,50.6,5531,10,7,38710,272000,1.1,38.2
Sutton - Wallington South,Sutton,FALSE,1.7,10650,2000,6800,1850,40.2,32,50.5,4886,10.7,11.5,37960,246000,1.1,37.3
Sutton - Wandle Valley,Sutton,FALSE,2.1,12250,3000,8100,1150,33.8,21.5,65.6,5601,15.1,12.8,32330,243500,1,26.6
Sutton - Worcester Park,Sutton,FALSE,2,11950,2650,7600,1700,37.4,30.8,44.6,6052,7.5,14.2,40610,338000,1.2,33.8
Tower Hamlets - Bethnal Green North,Tower Hamlets,TRUE,0.8,14750,2650,11150,950,32.2,40.2,119,6580,16.1,74.7,36230,383000,0.4,34.4
Tower Hamlets - Bethnal Green South,Tower Hamlets,TRUE,0.9,15200,2900,11550,750,30.2,35.5,121.3,5934,15.2,90.3,32860,357500,0.3,35.6
Tower Hamlets - Blackwall and Cubitt Town,Tower Hamlets,TRUE,3,23250,4350,17800,1100,30.8,50.8,60.3,10684,12.1,104,43330,380000,0.5,27.8
Tower Hamlets - Bow East,Tower Hamlets,TRUE,1.9,15600,2750,11800,1050,32.7,42,98.9,7655,17.8,52.5,36800,325000,0.4,31.5
Tower Hamlets - Bow West,Tower Hamlets,TRUE,1.3,13700,2700,9950,1050,32.9,43.6,98.5,6262,13.5,64.1,41000,415000,0.5,38.3
Tower Hamlets - Bromley-by-Bow,Tower Hamlets,TRUE,1.1,19750,4850,13900,1000,29.3,27.9,79.3,5386,21.8,68.3,31980,302500,0.4,35.4
Tower Hamlets - East India and Lansbury,Tower Hamlets,TRUE,1.2,16500,4250,11250,1000,30.3,23.4,108.4,5124,23.9,69.3,29680,293000,0.4,32.8
Tower Hamlets - Limehouse,Tower Hamlets,TRUE,1.1,17100,3800,12350,950,31.1,37.4,88.8,7314,19.2,81.6,36260,375000,0.5,34.6
Tower Hamlets - Mile End and Globe Town,Tower Hamlets,TRUE,0.9,16200,2950,12300,950,30.3,34.2,86.6,6271,12.9,70.6,34300,385000,0.4,35.8
Tower Hamlets - Mile End East,Tower Hamlets,TRUE,1.1,15200,3400,11000,800,29.6,31.9,87.3,5276,18.8,89,32510,325000,0.4,34.1
Tower Hamlets - Millwall,Tower Hamlets,TRUE,2.5,26350,4500,20850,1000,31,57.2,74.4,13759,9.1,90.6,46940,420000,0.5,27.6
Tower Hamlets - St. Dunstan's and Stepney Green,Tower Hamlets,TRUE,1,17150,3800,12050,1300,31.4,29.9,78.5,6098,19.3,94,32930,363250,0.4,37.4
Tower Hamlets - St. Katherine's and Wapping,Tower Hamlets,TRUE,1.5,13600,2000,10700,900,34.3,57.8,96,7619,10.2,61.2,50770,453000,0.6,36.3
Tower Hamlets - Shadwell,Tower Hamlets,TRUE,1,15900,3700,11250,950,30.7,37.7,86.9,6534,14.8,71.6,36360,370000,0.4,38.3
Tower Hamlets - Spitalfields and Banglatown,Tower Hamlets,TRUE,0.6,11850,1650,9600,600,31.3,44.4,188.8,5055,16.2,91.7,39910,499995,0.3,31.2
Tower Hamlets - Weavers,Tower Hamlets,TRUE,0.8,15050,2500,11600,950,32.7,43.9,136.8,6693,17.7,74.6,37760,510000,0.3,39.8
Tower Hamlets - Whitechapel,Tower Hamlets,TRUE,0.9,17300,3000,13400,900,30.7,45,105.3,7530,13.6,115.3,37600,489000,0.3,34.3
Waltham Forest - Cann Hall,Waltham Forest,FALSE,0.9,14350,3200,10100,1050,32.3,30.5,61.2,6265,14.8,100,32700,326000,0.6,32
Waltham Forest - Cathall,Waltham Forest,FALSE,1.1,13300,2950,9350,1000,32.3,28.6,64.2,5715,18,127.9,30950,332500,0.5,28.3
Waltham Forest - Chapel End,Waltham Forest,FALSE,1.8,14650,3600,9750,1300,33.4,29.3,73,6595,12.2,61.3,36440,340000,0.9,33
Waltham Forest - Chingford Green,Waltham Forest,FALSE,3.7,10600,1850,6450,2300,42.3,27.1,69,4570,10.8,9.1,39280,330000,1.1,40.1
Waltham Forest - Endlebury,Waltham Forest,FALSE,2,11150,1900,7250,2000,40.2,24.7,43.9,4871,12.9,7.9,38580,310000,1.3,37.7
Waltham Forest - Forest,Waltham Forest,FALSE,2,13250,2750,9200,1300,34.2,33.3,81.6,5861,13.4,96.9,36080,401000,0.8,33.3
Waltham Forest - Grove Green,Waltham Forest,FALSE,0.9,15250,3300,10800,1150,32.9,34.8,52.4,7587,10.8,144.6,36350,308000,0.6,32
Waltham Forest - Hale End and Highams Park,Waltham Forest,FALSE,2.3,12200,2650,8050,1500,36.5,28.9,52.1,5319,13.5,20.4,39490,288747.5,1.1,37.9
Waltham Forest - Hatch Lane,Waltham Forest,FALSE,2.4,11450,2250,7350,1850,38.9,24.1,64.4,4914,16.5,10.7,36110,286500,1.1,34.4
Waltham Forest - High Street,Waltham Forest,FALSE,3.1,14850,3200,10450,1200,33.3,35.7,151.3,7146,14.1,90.6,34810,333000,0.6,29.4
Waltham Forest - Higham Hill,Waltham Forest,FALSE,3.2,14200,3500,9550,1150,32.7,24.7,67.7,5608,19.9,52.8,31270,325000,0.7,36.2
Waltham Forest - Hoe Street,Waltham Forest,FALSE,1.1,14600,3250,10100,1250,33.4,36.4,87.4,6453,18.1,80.7,34890,360000,0.6,36.4
Waltham Forest - Larkswood,Waltham Forest,FALSE,2.1,12050,2350,7850,1850,38.5,21.6,61.8,5104,14.6,18.6,35170,335000,1.1,31.6
Waltham Forest - Lea Bridge,Waltham Forest,FALSE,2.6,16200,4100,10800,1300,32.6,26.6,98.4,6671,17,100,31450,283250,0.6,31.1
Waltham Forest - Leyton,Waltham Forest,FALSE,2,15000,3700,10150,1150,32.1,28.5,88.2,5956,18.2,86.1,31040,255000,0.6,28.9
Waltham Forest - Leytonstone,Waltham Forest,FALSE,1.3,13400,2350,10000,1050,34.5,40.8,89.8,6887,13.2,102.3,38700,345000,0.7,34.7
Waltham Forest - Markhouse,Waltham Forest,FALSE,1.5,15300,3700,10400,1200,32.7,30.9,72.3,6044,17.2,90.7,33780,324000,0.6,33.3
Waltham Forest - Valley,Waltham Forest,FALSE,2,11850,2450,7750,1650,37.2,20.2,104.1,5100,15.6,22.9,34250,285000,1.1,32
Waltham Forest - William Morris,Waltham Forest,FALSE,1,13750,3250,9400,1100,33.4,33.6,55.6,6291,14.8,80.5,35070,351625,0.6,36.8
Waltham Forest - Wood Street,Waltham Forest,FALSE,1.8,14150,3450,9400,1300,34,33,74,5974,17.6,62.3,35130,387500,0.7,36.7
Wandsworth - Balham,Wandsworth,TRUE,1.2,15050,2650,11150,1250,34.2,67.6,78,9369,6.1,32,53420,595000,0.7,37.8
Wandsworth - Bedford,Wandsworth,TRUE,1.8,15050,2300,11600,1150,34.2,61.1,53.7,9077,8.1,25.6,46410,496500,0.7,38.1
Wandsworth - Earlsfield,Wandsworth,TRUE,1.4,16050,2750,12250,1050,33.1,53.8,66.1,9556,8.8,28.9,44360,541000,0.7,34.7
Wandsworth - East Putney,Wandsworth,TRUE,1.6,15850,2250,11850,1750,36.4,62.9,42.6,9292,5.5,47.2,49010,534000,0.7,34.3
Wandsworth - Fairfield,Wandsworth,TRUE,1.5,15350,2300,11950,1100,34.1,62.8,83.6,9882,6.4,27.2,48590,5.00E+05,0.7,34.1
Wandsworth - Furzedown,Wandsworth,TRUE,1.4,15850,3350,10950,1550,34.5,41,58.6,7450,12.6,43.4,38240,410000,0.7,39.9
Wandsworth - Graveney,Wandsworth,TRUE,1,15650,3000,11250,1400,33.9,44.9,100.2,8095,12.6,52.9,37960,440000,0.6,36.3
Wandsworth - Latchmere,Wandsworth,TRUE,1.1,15800,3050,11350,1400,33.6,40.7,74.6,7869,17.4,56.9,34990,398500,0.4,32.7
Wandsworth - Nightingale,Wandsworth,TRUE,1.2,14950,2750,10850,1350,35,63,64.5,8864,7.3,22.5,50790,595000,0.7,39.5
Wandsworth - Northcote,Wandsworth,TRUE,1.7,15350,3300,11050,1000,33,68.7,101.6,9397,4.5,30.3,55810,795000,0.8,37.6
Wandsworth - Queenstown,Wandsworth,TRUE,3.2,20150,3000,15650,1500,34.1,50,74.8,9607,12.6,53.2,39580,630000,0.5,31.8
Wandsworth - Roehampton,Wandsworth,TRUE,4.4,17550,3050,12850,1650,32.8,27.3,83.5,6856,17.4,73.9,30320,374950,0.6,25.3
Wandsworth - St. Mary's Park,Wandsworth,TRUE,1.4,17250,2550,12900,1800,36,52.1,76.6,9696,9.1,50.2,44720,530000,0.7,32.3
Wandsworth - Shaftesbury,Wandsworth,TRUE,0.9,14500,2150,11150,1200,34.6,61.7,79.8,9354,8,32.3,50410,7.00E+05,0.6,33.7
Wandsworth - Southfields,Wandsworth,TRUE,1.5,16800,3400,11950,1450,34.1,57.6,69.4,9716,6,28.5,48160,515250,0.7,37.2
Wandsworth - Thamesfield,Wandsworth,TRUE,1.9,15450,2650,11250,1550,35.8,68.6,96.2,9409,3.5,32.5,55380,7.00E+05,0.8,39.7
Wandsworth - Tooting,Wandsworth,TRUE,1.6,17400,3150,12650,1600,33.3,42.5,77.6,8038,12,69,36000,440500,0.6,36.4
Wandsworth - Wandsworth Common,Wandsworth,TRUE,2.8,16350,3150,11850,1350,34.6,53.9,58.8,7925,6.3,18.6,51420,568000,1,42.4
Wandsworth - West Hill,Wandsworth,TRUE,1.7,16850,3150,12150,1550,34.5,45.1,38,8595,9.7,59.7,40360,395000,0.8,32.8
Wandsworth - West Putney,Wandsworth,TRUE,1.8,15400,2750,10650,2000,36.7,48.7,51.3,7376,10.4,37.7,43280,497800,0.8,34.4
Westminster - Abbey Road,Westminster,TRUE,1.1,11500,2000,7850,1650,38.1,56.6,45.8,5233,4.6,64.8,52200,750000,0.7,34.4
Westminster - Bayswater,Westminster,TRUE,0.5,10500,1400,8000,1100,37.1,61.3,106.3,5977,8.2,97.3,49960,850000,0.4,32.7
Westminster - Bryanston and Dorset Square,Westminster,TRUE,0.7,12650,1350,9950,1350,36.6,58,170.5,6295,4.4,101.6,51370,975000,0.4,30.8
Westminster - Churchill,Westminster,TRUE,0.6,10550,1950,7350,1250,36.6,38.4,107.6,4085,14.5,37.1,39530,1100000,0.4,38.6
Westminster - Church Street,Westminster,TRUE,0.4,12000,2700,7650,1650,35.7,26.4,80.9,3744,20,68.2,26290,440000,0.3,35.2
Westminster - Harrow Road,Westminster,TRUE,0.5,12350,2350,8950,1050,34.7,39.5,67.1,5533,18.4,56.7,35000,499950,0.4,33.9
Westminster - Hyde Park,Westminster,TRUE,1,13450,1750,10400,1300,35.6,54.7,152.6,6014,5.9,83.3,46880,850000,0.5,29.1
Westminster - Knightsbridge and Belgravia,Westminster,TRUE,3.6,10100,1050,7650,1400,37.2,47.8,177.1,3947,0.5,37.5,88330,3500000,0.9,28.1
Westminster - Lancaster Gate,Westminster,TRUE,0.6,13800,1600,11050,1150,35.2,60.8,150.4,7523,6,149.1,49290,895000,0.4,27.4
Westminster - Little Venice,Westminster,TRUE,0.6,11100,2000,7900,1200,36.5,56.5,74.8,5384,9.4,52.6,48770,870000,0.6,35.7
Westminster - Maida Vale,Westminster,TRUE,0.6,10600,1900,7700,1000,35.2,52.2,59,5243,9.2,39.4,45660,773000,0.5,33.8
Westminster - Marylebone High Street,Westminster,TRUE,1,11150,1050,8850,1250,37.6,61.5,302.4,5902,3.4,84.6,58370,1090000,0.5,33
Westminster - Queen's Park,Westminster,TRUE,0.6,13100,2650,9150,1300,34.5,30.3,62.2,5088,22.8,54.3,32260,545000,0.4,35.9
Westminster - Regent's Park,Westminster,TRUE,2.3,12500,1950,8550,2000,39.1,52.2,66.6,5153,5.2,53.4,46510,942500,0.6,31.4
Westminster - St. James's,Westminster,TRUE,3.5,12100,1100,9650,1350,37.9,49.9,990,5879,8.3,69.5,52520,1262500,0.4,31.5
Westminster - Tachbrook,Westminster,TRUE,0.4,8450,850,6350,1250,40.2,55.1,57.7,4531,7.1,39.9,47340,715650,0.4,40.2
Westminster - Vincent Square,Westminster,TRUE,0.7,10550,1500,7700,1350,38.2,53.1,82.4,5023,10.2,51.9,46550,840000,0.4,37.8
Westminster - Warwick,Westminster,TRUE,0.6,9800,1050,7550,1200,38.2,58.5,138.1,5388,7.8,60,50250,857250,0.5,36.8
Westminster - Westbourne,Westminster,TRUE,0.7,13200,2750,9250,1200,34.3,35.7,75.5,5173,17.8,59.2,32390,499975,0.4,29.6
Westminster - West End,Westminster,TRUE,2,11200,950,8950,1300,38.8,54.6,1212.1,6124,8.9,76.6,54970,1487500,0.4,29.7